-- phpMyAdmin SQL Dump
-- version 4.6.6deb5
-- https://www.phpmyadmin.net/
--
-- Servidor: localhost:3306
-- Tiempo de generación: 14-04-2019 a las 15:38:58
-- Versión del servidor: 5.7.25-0ubuntu0.18.04.2
-- Versión de PHP: 7.2.15-0ubuntu0.18.04.2

SET SQL_MODE = "NO_AUTO_VALUE_ON_ZERO";
SET time_zone = "+00:00";


/*!40101 SET @OLD_CHARACTER_SET_CLIENT=@@CHARACTER_SET_CLIENT */;
/*!40101 SET @OLD_CHARACTER_SET_RESULTS=@@CHARACTER_SET_RESULTS */;
/*!40101 SET @OLD_COLLATION_CONNECTION=@@COLLATION_CONNECTION */;
/*!40101 SET NAMES utf8mb4 */;

--
-- Base de datos: `dist-politica`
--

-- --------------------------------------------------------

--
-- Estructura de tabla para la tabla `ciudades`
--

CREATE TABLE `ciudades` (
  `id` int(11) NOT NULL,
  `ciudad` varchar(255) DEFAULT NULL,
  `capital` tinyint(1) DEFAULT NULL,
  `estado_id` int(11) DEFAULT NULL,
  `createdAt` datetime NOT NULL,
  `updatedAt` datetime NOT NULL
) ENGINE=InnoDB DEFAULT CHARSET=latin1;

--
-- Volcado de datos para la tabla `ciudades`
--

INSERT INTO `ciudades` (`id`, `ciudad`, `capital`, `estado_id`, `createdAt`, `updatedAt`) VALUES
(1, 'Maroa', 0, 1, '2019-03-29 00:31:03', '2019-03-29 00:31:03'),
(2, 'Puerto Ayacucho', 1, 1, '2019-03-29 00:31:03', '2019-03-29 00:31:03'),
(3, 'San Fernando de Atabapo', 0, 1, '2019-03-29 00:31:03', '2019-03-29 00:31:03'),
(4, 'Anaco', 0, 2, '2019-03-29 00:31:03', '2019-03-29 00:31:03'),
(5, 'Aragua de Barcelona', 0, 2, '2019-03-29 00:31:03', '2019-03-29 00:31:03'),
(6, 'Barcelona', 1, 2, '2019-03-29 00:31:03', '2019-03-29 00:31:03'),
(7, 'Boca de Uchire', 0, 2, '2019-03-29 00:31:03', '2019-03-29 00:31:03'),
(8, 'Cantaura', 0, 2, '2019-03-29 00:31:03', '2019-03-29 00:31:03'),
(9, 'Clarines', 0, 2, '2019-03-29 00:31:03', '2019-03-29 00:31:03'),
(10, 'El Chaparro', 0, 2, '2019-03-29 00:31:03', '2019-03-29 00:31:03'),
(11, 'El Pao Anzoátegui', 0, 2, '2019-03-29 00:31:03', '2019-03-29 00:31:03'),
(12, 'El Tigre', 0, 2, '2019-03-29 00:31:03', '2019-03-29 00:31:03'),
(13, 'El Tigrito', 0, 2, '2019-03-29 00:31:03', '2019-03-29 00:31:03'),
(14, 'Guanape', 0, 2, '2019-03-29 00:31:03', '2019-03-29 00:31:03'),
(15, 'Guanta', 0, 2, '2019-03-29 00:31:03', '2019-03-29 00:31:03'),
(16, 'Lechería', 0, 2, '2019-03-29 00:31:03', '2019-03-29 00:31:03'),
(17, 'Onoto', 0, 2, '2019-03-29 00:31:03', '2019-03-29 00:31:03'),
(18, 'Pariaguán', 0, 2, '2019-03-29 00:31:03', '2019-03-29 00:31:03'),
(19, 'Píritu', 0, 2, '2019-03-29 00:31:03', '2019-03-29 00:31:03'),
(20, 'Puerto La Cruz', 0, 2, '2019-03-29 00:31:03', '2019-03-29 00:31:03'),
(21, 'Puerto Píritu', 0, 2, '2019-03-29 00:31:03', '2019-03-29 00:31:03'),
(22, 'Sabana de Uchire', 0, 2, '2019-03-29 00:31:03', '2019-03-29 00:31:03'),
(23, 'San Mateo Anzoátegui', 0, 2, '2019-03-29 00:31:03', '2019-03-29 00:31:03'),
(24, 'San Pablo Anzoátegui', 0, 2, '2019-03-29 00:31:03', '2019-03-29 00:31:03'),
(25, 'San Tomé', 0, 2, '2019-03-29 00:31:03', '2019-03-29 00:31:03'),
(26, 'Santa Ana de Anzoátegui', 0, 2, '2019-03-29 00:31:03', '2019-03-29 00:31:03'),
(27, 'Santa Fe Anzoátegui', 0, 2, '2019-03-29 00:31:03', '2019-03-29 00:31:03'),
(28, 'Santa Rosa', 0, 2, '2019-03-29 00:31:03', '2019-03-29 00:31:03'),
(29, 'Soledad', 0, 2, '2019-03-29 00:31:03', '2019-03-29 00:31:03'),
(30, 'Urica', 0, 2, '2019-03-29 00:31:03', '2019-03-29 00:31:03'),
(31, 'Valle de Guanape', 0, 2, '2019-03-29 00:31:03', '2019-03-29 00:31:03'),
(43, 'Achaguas', 0, 3, '2019-03-29 00:31:03', '2019-03-29 00:31:03'),
(44, 'Biruaca', 0, 3, '2019-03-29 00:31:03', '2019-03-29 00:31:03'),
(45, 'Bruzual', 0, 3, '2019-03-29 00:31:03', '2019-03-29 00:31:03'),
(46, 'El Amparo', 0, 3, '2019-03-29 00:31:03', '2019-03-29 00:31:03'),
(47, 'El Nula', 0, 3, '2019-03-29 00:31:03', '2019-03-29 00:31:03'),
(48, 'Elorza', 0, 3, '2019-03-29 00:31:03', '2019-03-29 00:31:03'),
(49, 'Guasdualito', 0, 3, '2019-03-29 00:31:03', '2019-03-29 00:31:03'),
(50, 'Mantecal', 0, 3, '2019-03-29 00:31:03', '2019-03-29 00:31:03'),
(51, 'Puerto Páez', 0, 3, '2019-03-29 00:31:03', '2019-03-29 00:31:03'),
(52, 'San Fernando de Apure', 1, 3, '2019-03-29 00:31:03', '2019-03-29 00:31:03'),
(53, 'San Juan de Payara', 0, 3, '2019-03-29 00:31:03', '2019-03-29 00:31:03'),
(54, 'Barbacoas', 0, 4, '2019-03-29 00:31:03', '2019-03-29 00:31:03'),
(55, 'Cagua', 0, 4, '2019-03-29 00:31:03', '2019-03-29 00:31:03'),
(56, 'Camatagua', 0, 4, '2019-03-29 00:31:03', '2019-03-29 00:31:03'),
(58, 'Choroní', 0, 4, '2019-03-29 00:31:03', '2019-03-29 00:31:03'),
(59, 'Colonia Tovar', 0, 4, '2019-03-29 00:31:03', '2019-03-29 00:31:03'),
(60, 'El Consejo', 0, 4, '2019-03-29 00:31:03', '2019-03-29 00:31:03'),
(61, 'La Victoria', 0, 4, '2019-03-29 00:31:03', '2019-03-29 00:31:03'),
(62, 'Las Tejerías', 0, 4, '2019-03-29 00:31:03', '2019-03-29 00:31:03'),
(63, 'Magdaleno', 0, 4, '2019-03-29 00:31:03', '2019-03-29 00:31:03'),
(64, 'Maracay', 1, 4, '2019-03-29 00:31:03', '2019-03-29 00:31:03'),
(65, 'Ocumare de La Costa', 0, 4, '2019-03-29 00:31:03', '2019-03-29 00:31:03'),
(66, 'Palo Negro', 0, 4, '2019-03-29 00:31:03', '2019-03-29 00:31:03'),
(67, 'San Casimiro', 0, 4, '2019-03-29 00:31:03', '2019-03-29 00:31:03'),
(68, 'San Mateo', 0, 4, '2019-03-29 00:31:03', '2019-03-29 00:31:03'),
(69, 'San Sebastián', 0, 4, '2019-03-29 00:31:03', '2019-03-29 00:31:03'),
(70, 'Santa Cruz de Aragua', 0, 4, '2019-03-29 00:31:03', '2019-03-29 00:31:03'),
(71, 'Tocorón', 0, 4, '2019-03-29 00:31:03', '2019-03-29 00:31:03'),
(72, 'Turmero', 0, 4, '2019-03-29 00:31:03', '2019-03-29 00:31:03'),
(73, 'Villa de Cura', 0, 4, '2019-03-29 00:31:03', '2019-03-29 00:31:03'),
(74, 'Zuata', 0, 4, '2019-03-29 00:31:03', '2019-03-29 00:31:03'),
(75, 'Barinas', 1, 5, '2019-03-29 00:31:03', '2019-03-29 00:31:03'),
(76, 'Barinitas', 0, 5, '2019-03-29 00:31:03', '2019-03-29 00:31:03'),
(77, 'Barrancas', 0, 5, '2019-03-29 00:31:03', '2019-03-29 00:31:03'),
(78, 'Calderas', 0, 5, '2019-03-29 00:31:03', '2019-03-29 00:31:03'),
(79, 'Capitanejo', 0, 5, '2019-03-29 00:31:03', '2019-03-29 00:31:03'),
(80, 'Ciudad Bolivia', 0, 5, '2019-03-29 00:31:03', '2019-03-29 00:31:03'),
(81, 'El Cantón', 0, 5, '2019-03-29 00:31:03', '2019-03-29 00:31:03'),
(82, 'Las Veguitas', 0, 5, '2019-03-29 00:31:03', '2019-03-29 00:31:03'),
(83, 'Libertad de Barinas', 0, 5, '2019-03-29 00:31:03', '2019-03-29 00:31:03'),
(84, 'Sabaneta', 0, 5, '2019-03-29 00:31:03', '2019-03-29 00:31:03'),
(85, 'Santa Bárbara de Barinas', 0, 5, '2019-03-29 00:31:03', '2019-03-29 00:31:03'),
(86, 'Socopó', 0, 5, '2019-03-29 00:31:03', '2019-03-29 00:31:03'),
(87, 'Caicara del Orinoco', 0, 6, '2019-03-29 00:31:03', '2019-03-29 00:31:03'),
(88, 'Canaima', 0, 6, '2019-03-29 00:31:03', '2019-03-29 00:31:03'),
(89, 'Ciudad Bolívar', 1, 6, '2019-03-29 00:31:03', '2019-03-29 00:31:03'),
(90, 'Ciudad Piar', 0, 6, '2019-03-29 00:31:03', '2019-03-29 00:31:03'),
(91, 'El Callao', 0, 6, '2019-03-29 00:31:03', '2019-03-29 00:31:03'),
(92, 'El Dorado', 0, 6, '2019-03-29 00:31:03', '2019-03-29 00:31:03'),
(93, 'El Manteco', 0, 6, '2019-03-29 00:31:03', '2019-03-29 00:31:03'),
(94, 'El Palmar', 0, 6, '2019-03-29 00:31:03', '2019-03-29 00:31:03'),
(95, 'El Pao', 0, 6, '2019-03-29 00:31:03', '2019-03-29 00:31:03'),
(96, 'Guasipati', 0, 6, '2019-03-29 00:31:03', '2019-03-29 00:31:03'),
(97, 'Guri', 0, 6, '2019-03-29 00:31:03', '2019-03-29 00:31:03'),
(98, 'La Paragua', 0, 6, '2019-03-29 00:31:03', '2019-03-29 00:31:03'),
(99, 'Matanzas', 0, 6, '2019-03-29 00:31:03', '2019-03-29 00:31:03'),
(100, 'Puerto Ordaz', 0, 6, '2019-03-29 00:31:03', '2019-03-29 00:31:03'),
(101, 'San Félix', 0, 6, '2019-03-29 00:31:03', '2019-03-29 00:31:03'),
(102, 'Santa Elena de Uairén', 0, 6, '2019-03-29 00:31:03', '2019-03-29 00:31:03'),
(103, 'Tumeremo', 0, 6, '2019-03-29 00:31:03', '2019-03-29 00:31:03'),
(104, 'Unare', 0, 6, '2019-03-29 00:31:03', '2019-03-29 00:31:03'),
(105, 'Upata', 0, 6, '2019-03-29 00:31:03', '2019-03-29 00:31:03'),
(106, 'Bejuma', 0, 7, '2019-03-29 00:31:03', '2019-03-29 00:31:03'),
(107, 'Belén', 0, 7, '2019-03-29 00:31:03', '2019-03-29 00:31:03'),
(108, 'Campo de Carabobo', 0, 7, '2019-03-29 00:31:03', '2019-03-29 00:31:03'),
(109, 'Canoabo', 0, 7, '2019-03-29 00:31:03', '2019-03-29 00:31:03'),
(110, 'Central Tacarigua', 0, 7, '2019-03-29 00:31:03', '2019-03-29 00:31:03'),
(111, 'Chirgua', 0, 7, '2019-03-29 00:31:03', '2019-03-29 00:31:03'),
(112, 'Ciudad Alianza', 0, 7, '2019-03-29 00:31:03', '2019-03-29 00:31:03'),
(113, 'El Palito', 0, 7, '2019-03-29 00:31:03', '2019-03-29 00:31:03'),
(114, 'Guacara', 0, 7, '2019-03-29 00:31:03', '2019-03-29 00:31:03'),
(115, 'Guigue', 0, 7, '2019-03-29 00:31:03', '2019-03-29 00:31:03'),
(116, 'Las Trincheras', 0, 7, '2019-03-29 00:31:03', '2019-03-29 00:31:03'),
(117, 'Los Guayos', 0, 7, '2019-03-29 00:31:03', '2019-03-29 00:31:03'),
(118, 'Mariara', 0, 7, '2019-03-29 00:31:03', '2019-03-29 00:31:03'),
(119, 'Miranda', 0, 7, '2019-03-29 00:31:03', '2019-03-29 00:31:03'),
(120, 'Montalbán', 0, 7, '2019-03-29 00:31:03', '2019-03-29 00:31:03'),
(121, 'Morón', 0, 7, '2019-03-29 00:31:03', '2019-03-29 00:31:03'),
(122, 'Naguanagua', 0, 7, '2019-03-29 00:31:03', '2019-03-29 00:31:03'),
(123, 'Puerto Cabello', 0, 7, '2019-03-29 00:31:03', '2019-03-29 00:31:03'),
(124, 'San Joaquín', 0, 7, '2019-03-29 00:31:03', '2019-03-29 00:31:03'),
(125, 'Tocuyito', 0, 7, '2019-03-29 00:31:03', '2019-03-29 00:31:03'),
(126, 'Urama', 0, 7, '2019-03-29 00:31:03', '2019-03-29 00:31:03'),
(127, 'Valencia', 1, 7, '2019-03-29 00:31:03', '2019-03-29 00:31:03'),
(128, 'Vigirimita', 0, 7, '2019-03-29 00:31:03', '2019-03-29 00:31:03'),
(129, 'Aguirre', 0, 8, '2019-03-29 00:31:03', '2019-03-29 00:31:03'),
(130, 'Apartaderos Cojedes', 0, 8, '2019-03-29 00:31:03', '2019-03-29 00:31:03'),
(131, 'Arismendi', 0, 8, '2019-03-29 00:31:03', '2019-03-29 00:31:03'),
(132, 'Camuriquito', 0, 8, '2019-03-29 00:31:03', '2019-03-29 00:31:03'),
(133, 'El Baúl', 0, 8, '2019-03-29 00:31:03', '2019-03-29 00:31:03'),
(134, 'El Limón', 0, 8, '2019-03-29 00:31:03', '2019-03-29 00:31:03'),
(135, 'El Pao Cojedes', 0, 8, '2019-03-29 00:31:03', '2019-03-29 00:31:03'),
(136, 'El Socorro', 0, 8, '2019-03-29 00:31:03', '2019-03-29 00:31:03'),
(137, 'La Aguadita', 0, 8, '2019-03-29 00:31:03', '2019-03-29 00:31:03'),
(138, 'Las Vegas', 0, 8, '2019-03-29 00:31:03', '2019-03-29 00:31:03'),
(139, 'Libertad de Cojedes', 0, 8, '2019-03-29 00:31:03', '2019-03-29 00:31:03'),
(140, 'Mapuey', 0, 8, '2019-03-29 00:31:03', '2019-03-29 00:31:03'),
(141, 'Piñedo', 0, 8, '2019-03-29 00:31:03', '2019-03-29 00:31:03'),
(142, 'Samancito', 0, 8, '2019-03-29 00:31:03', '2019-03-29 00:31:03'),
(143, 'San Carlos', 1, 8, '2019-03-29 00:31:03', '2019-03-29 00:31:03'),
(144, 'Sucre', 0, 8, '2019-03-29 00:31:03', '2019-03-29 00:31:03'),
(145, 'Tinaco', 0, 8, '2019-03-29 00:31:03', '2019-03-29 00:31:03'),
(146, 'Tinaquillo', 0, 8, '2019-03-29 00:31:03', '2019-03-29 00:31:03'),
(147, 'Vallecito', 0, 8, '2019-03-29 00:31:03', '2019-03-29 00:31:03'),
(148, 'Tucupita', 1, 9, '2019-03-29 00:31:03', '2019-03-29 00:31:03'),
(149, 'Caracas', 1, 24, '2019-03-29 00:31:03', '2019-03-29 00:31:03'),
(150, 'El Junquito', 0, 24, '2019-03-29 00:31:03', '2019-03-29 00:31:03'),
(151, 'Adícora', 0, 10, '2019-03-29 00:31:03', '2019-03-29 00:31:03'),
(152, 'Boca de Aroa', 0, 10, '2019-03-29 00:31:03', '2019-03-29 00:31:03'),
(153, 'Cabure', 0, 10, '2019-03-29 00:31:03', '2019-03-29 00:31:03'),
(154, 'Capadare', 0, 10, '2019-03-29 00:31:03', '2019-03-29 00:31:03'),
(155, 'Capatárida', 0, 10, '2019-03-29 00:31:03', '2019-03-29 00:31:03'),
(156, 'Chichiriviche', 0, 10, '2019-03-29 00:31:03', '2019-03-29 00:31:03'),
(157, 'Churuguara', 0, 10, '2019-03-29 00:31:03', '2019-03-29 00:31:03'),
(158, 'Coro', 1, 10, '2019-03-29 00:31:03', '2019-03-29 00:31:03'),
(159, 'Cumarebo', 0, 10, '2019-03-29 00:31:03', '2019-03-29 00:31:03'),
(160, 'Dabajuro', 0, 10, '2019-03-29 00:31:03', '2019-03-29 00:31:03'),
(161, 'Judibana', 0, 10, '2019-03-29 00:31:03', '2019-03-29 00:31:03'),
(162, 'La Cruz de Taratara', 0, 10, '2019-03-29 00:31:03', '2019-03-29 00:31:03'),
(163, 'La Vela de Coro', 0, 10, '2019-03-29 00:31:03', '2019-03-29 00:31:03'),
(164, 'Los Taques', 0, 10, '2019-03-29 00:31:03', '2019-03-29 00:31:03'),
(165, 'Maparari', 0, 10, '2019-03-29 00:31:03', '2019-03-29 00:31:03'),
(166, 'Mene de Mauroa', 0, 10, '2019-03-29 00:31:03', '2019-03-29 00:31:03'),
(167, 'Mirimire', 0, 10, '2019-03-29 00:31:03', '2019-03-29 00:31:03'),
(168, 'Pedregal', 0, 10, '2019-03-29 00:31:03', '2019-03-29 00:31:03'),
(169, 'Píritu Falcón', 0, 10, '2019-03-29 00:31:03', '2019-03-29 00:31:03'),
(170, 'Pueblo Nuevo Falcón', 0, 10, '2019-03-29 00:31:03', '2019-03-29 00:31:03'),
(171, 'Puerto Cumarebo', 0, 10, '2019-03-29 00:31:03', '2019-03-29 00:31:03'),
(172, 'Punta Cardón', 0, 10, '2019-03-29 00:31:03', '2019-03-29 00:31:03'),
(173, 'Punto Fijo', 0, 10, '2019-03-29 00:31:03', '2019-03-29 00:31:03'),
(174, 'San Juan de Los Cayos', 0, 10, '2019-03-29 00:31:03', '2019-03-29 00:31:03'),
(175, 'San Luis', 0, 10, '2019-03-29 00:31:03', '2019-03-29 00:31:03'),
(176, 'Santa Ana Falcón', 0, 10, '2019-03-29 00:31:03', '2019-03-29 00:31:03'),
(177, 'Santa Cruz De Bucaral', 0, 10, '2019-03-29 00:31:03', '2019-03-29 00:31:03'),
(178, 'Tocopero', 0, 10, '2019-03-29 00:31:03', '2019-03-29 00:31:03'),
(179, 'Tocuyo de La Costa', 0, 10, '2019-03-29 00:31:03', '2019-03-29 00:31:03'),
(180, 'Tucacas', 0, 10, '2019-03-29 00:31:03', '2019-03-29 00:31:03'),
(181, 'Yaracal', 0, 10, '2019-03-29 00:31:03', '2019-03-29 00:31:03'),
(182, 'Altagracia de Orituco', 0, 11, '2019-03-29 00:31:03', '2019-03-29 00:31:03'),
(183, 'Cabruta', 0, 11, '2019-03-29 00:31:03', '2019-03-29 00:31:03'),
(184, 'Calabozo', 0, 11, '2019-03-29 00:31:03', '2019-03-29 00:31:03'),
(185, 'Camaguán', 0, 11, '2019-03-29 00:31:03', '2019-03-29 00:31:03'),
(196, 'Chaguaramas Guárico', 0, 11, '2019-03-29 00:31:03', '2019-03-29 00:31:03'),
(197, 'El Socorro', 0, 11, '2019-03-29 00:31:03', '2019-03-29 00:31:03'),
(198, 'El Sombrero', 0, 11, '2019-03-29 00:31:03', '2019-03-29 00:31:03'),
(199, 'Las Mercedes de Los Llanos', 0, 11, '2019-03-29 00:31:03', '2019-03-29 00:31:03'),
(200, 'Lezama', 0, 11, '2019-03-29 00:31:03', '2019-03-29 00:31:03'),
(201, 'Onoto', 0, 11, '2019-03-29 00:31:03', '2019-03-29 00:31:03'),
(202, 'Ortíz', 0, 11, '2019-03-29 00:31:03', '2019-03-29 00:31:03'),
(203, 'San José de Guaribe', 0, 11, '2019-03-29 00:31:03', '2019-03-29 00:31:03'),
(204, 'San Juan de Los Morros', 1, 11, '2019-03-29 00:31:03', '2019-03-29 00:31:03'),
(205, 'San Rafael de Laya', 0, 11, '2019-03-29 00:31:03', '2019-03-29 00:31:03'),
(206, 'Santa María de Ipire', 0, 11, '2019-03-29 00:31:03', '2019-03-29 00:31:03'),
(207, 'Tucupido', 0, 11, '2019-03-29 00:31:03', '2019-03-29 00:31:03'),
(208, 'Valle de La Pascua', 0, 11, '2019-03-29 00:31:03', '2019-03-29 00:31:03'),
(209, 'Zaraza', 0, 11, '2019-03-29 00:31:03', '2019-03-29 00:31:03'),
(210, 'Aguada Grande', 0, 12, '2019-03-29 00:31:03', '2019-03-29 00:31:03'),
(211, 'Atarigua', 0, 12, '2019-03-29 00:31:03', '2019-03-29 00:31:03'),
(212, 'Barquisimeto', 1, 12, '2019-03-29 00:31:03', '2019-03-29 00:31:03'),
(213, 'Bobare', 0, 12, '2019-03-29 00:31:03', '2019-03-29 00:31:03'),
(214, 'Cabudare', 0, 12, '2019-03-29 00:31:03', '2019-03-29 00:31:03'),
(215, 'Carora', 0, 12, '2019-03-29 00:31:03', '2019-03-29 00:31:03'),
(216, 'Cubiro', 0, 12, '2019-03-29 00:31:03', '2019-03-29 00:31:03'),
(217, 'Cují', 0, 12, '2019-03-29 00:31:03', '2019-03-29 00:31:03'),
(218, 'Duaca', 0, 12, '2019-03-29 00:31:03', '2019-03-29 00:31:03'),
(219, 'El Manzano', 0, 12, '2019-03-29 00:31:03', '2019-03-29 00:31:03'),
(220, 'El Tocuyo', 0, 12, '2019-03-29 00:31:03', '2019-03-29 00:31:03'),
(221, 'Guaríco', 0, 12, '2019-03-29 00:31:03', '2019-03-29 00:31:03'),
(222, 'Humocaro Alto', 0, 12, '2019-03-29 00:31:03', '2019-03-29 00:31:03'),
(223, 'Humocaro Bajo', 0, 12, '2019-03-29 00:31:03', '2019-03-29 00:31:03'),
(224, 'La Miel', 0, 12, '2019-03-29 00:31:03', '2019-03-29 00:31:03'),
(225, 'Moroturo', 0, 12, '2019-03-29 00:31:03', '2019-03-29 00:31:03'),
(226, 'Quíbor', 0, 12, '2019-03-29 00:31:03', '2019-03-29 00:31:03'),
(227, 'Río Claro', 0, 12, '2019-03-29 00:31:03', '2019-03-29 00:31:03'),
(228, 'Sanare', 0, 12, '2019-03-29 00:31:03', '2019-03-29 00:31:03'),
(229, 'Santa Inés', 0, 12, '2019-03-29 00:31:03', '2019-03-29 00:31:03'),
(230, 'Sarare', 0, 12, '2019-03-29 00:31:03', '2019-03-29 00:31:03'),
(231, 'Siquisique', 0, 12, '2019-03-29 00:31:03', '2019-03-29 00:31:03'),
(232, 'Tintorero', 0, 12, '2019-03-29 00:31:03', '2019-03-29 00:31:03'),
(233, 'Apartaderos Mérida', 0, 13, '2019-03-29 00:31:03', '2019-03-29 00:31:03'),
(234, 'Arapuey', 0, 13, '2019-03-29 00:31:03', '2019-03-29 00:31:03'),
(235, 'Bailadores', 0, 13, '2019-03-29 00:31:03', '2019-03-29 00:31:03'),
(236, 'Caja Seca', 0, 13, '2019-03-29 00:31:03', '2019-03-29 00:31:03'),
(237, 'Canaguá', 0, 13, '2019-03-29 00:31:03', '2019-03-29 00:31:03'),
(238, 'Chachopo', 0, 13, '2019-03-29 00:31:03', '2019-03-29 00:31:03'),
(239, 'Chiguara', 0, 13, '2019-03-29 00:31:03', '2019-03-29 00:31:03'),
(240, 'Ejido', 0, 13, '2019-03-29 00:31:03', '2019-03-29 00:31:03'),
(241, 'El Vigía', 0, 13, '2019-03-29 00:31:03', '2019-03-29 00:31:03'),
(242, 'La Azulita', 0, 13, '2019-03-29 00:31:03', '2019-03-29 00:31:03'),
(243, 'La Playa', 0, 13, '2019-03-29 00:31:03', '2019-03-29 00:31:03'),
(244, 'Lagunillas Mérida', 0, 13, '2019-03-29 00:31:03', '2019-03-29 00:31:03'),
(245, 'Mérida', 1, 13, '2019-03-29 00:31:03', '2019-03-29 00:31:03'),
(246, 'Mesa de Bolívar', 0, 13, '2019-03-29 00:31:03', '2019-03-29 00:31:03'),
(247, 'Mucuchíes', 0, 13, '2019-03-29 00:31:03', '2019-03-29 00:31:03'),
(248, 'Mucujepe', 0, 13, '2019-03-29 00:31:03', '2019-03-29 00:31:03'),
(249, 'Mucuruba', 0, 13, '2019-03-29 00:31:03', '2019-03-29 00:31:03'),
(250, 'Nueva Bolivia', 0, 13, '2019-03-29 00:31:03', '2019-03-29 00:31:03'),
(251, 'Palmarito', 0, 13, '2019-03-29 00:31:03', '2019-03-29 00:31:03'),
(252, 'Pueblo Llano', 0, 13, '2019-03-29 00:31:03', '2019-03-29 00:31:03'),
(253, 'Santa Cruz de Mora', 0, 13, '2019-03-29 00:31:03', '2019-03-29 00:31:03'),
(254, 'Santa Elena de Arenales', 0, 13, '2019-03-29 00:31:03', '2019-03-29 00:31:03'),
(255, 'Santo Domingo', 0, 13, '2019-03-29 00:31:03', '2019-03-29 00:31:03'),
(256, 'Tabáy', 0, 13, '2019-03-29 00:31:03', '2019-03-29 00:31:03'),
(257, 'Timotes', 0, 13, '2019-03-29 00:31:03', '2019-03-29 00:31:03'),
(258, 'Torondoy', 0, 13, '2019-03-29 00:31:03', '2019-03-29 00:31:03'),
(259, 'Tovar', 0, 13, '2019-03-29 00:31:03', '2019-03-29 00:31:03'),
(260, 'Tucani', 0, 13, '2019-03-29 00:31:03', '2019-03-29 00:31:03'),
(261, 'Zea', 0, 13, '2019-03-29 00:31:03', '2019-03-29 00:31:03'),
(262, 'Araguita', 0, 14, '2019-03-29 00:31:03', '2019-03-29 00:31:03'),
(263, 'Carrizal', 0, 14, '2019-03-29 00:31:03', '2019-03-29 00:31:03'),
(264, 'Caucagua', 0, 14, '2019-03-29 00:31:03', '2019-03-29 00:31:03'),
(265, 'Chaguaramas Miranda', 0, 14, '2019-03-29 00:31:03', '2019-03-29 00:31:03'),
(266, 'Charallave', 0, 14, '2019-03-29 00:31:03', '2019-03-29 00:31:03'),
(267, 'Chirimena', 0, 14, '2019-03-29 00:31:03', '2019-03-29 00:31:03'),
(268, 'Chuspa', 0, 14, '2019-03-29 00:31:03', '2019-03-29 00:31:03'),
(269, 'Cúa', 0, 14, '2019-03-29 00:31:03', '2019-03-29 00:31:03'),
(270, 'Cupira', 0, 14, '2019-03-29 00:31:03', '2019-03-29 00:31:03'),
(271, 'Curiepe', 0, 14, '2019-03-29 00:31:03', '2019-03-29 00:31:03'),
(272, 'El Guapo', 0, 14, '2019-03-29 00:31:03', '2019-03-29 00:31:03'),
(273, 'El Jarillo', 0, 14, '2019-03-29 00:31:03', '2019-03-29 00:31:03'),
(274, 'Filas de Mariche', 0, 14, '2019-03-29 00:31:03', '2019-03-29 00:31:03'),
(275, 'Guarenas', 0, 14, '2019-03-29 00:31:03', '2019-03-29 00:31:03'),
(276, 'Guatire', 0, 14, '2019-03-29 00:31:03', '2019-03-29 00:31:03'),
(277, 'Higuerote', 0, 14, '2019-03-29 00:31:03', '2019-03-29 00:31:03'),
(278, 'Los Anaucos', 0, 14, '2019-03-29 00:31:03', '2019-03-29 00:31:03'),
(279, 'Los Teques', 1, 14, '2019-03-29 00:31:03', '2019-03-29 00:31:03'),
(280, 'Ocumare del Tuy', 0, 14, '2019-03-29 00:31:03', '2019-03-29 00:31:03'),
(281, 'Panaquire', 0, 14, '2019-03-29 00:31:03', '2019-03-29 00:31:03'),
(282, 'Paracotos', 0, 14, '2019-03-29 00:31:03', '2019-03-29 00:31:03'),
(283, 'Río Chico', 0, 14, '2019-03-29 00:31:03', '2019-03-29 00:31:03'),
(284, 'San Antonio de Los Altos', 0, 14, '2019-03-29 00:31:03', '2019-03-29 00:31:03'),
(285, 'San Diego de Los Altos', 0, 14, '2019-03-29 00:31:03', '2019-03-29 00:31:03'),
(286, 'San Fernando del Guapo', 0, 14, '2019-03-29 00:31:03', '2019-03-29 00:31:03'),
(287, 'San Francisco de Yare', 0, 14, '2019-03-29 00:31:03', '2019-03-29 00:31:03'),
(288, 'San José de Los Altos', 0, 14, '2019-03-29 00:31:03', '2019-03-29 00:31:03'),
(289, 'San José de Río Chico', 0, 14, '2019-03-29 00:31:03', '2019-03-29 00:31:03'),
(290, 'San Pedro de Los Altos', 0, 14, '2019-03-29 00:31:03', '2019-03-29 00:31:03'),
(291, 'Santa Lucía', 0, 14, '2019-03-29 00:31:03', '2019-03-29 00:31:03'),
(292, 'Santa Teresa', 0, 14, '2019-03-29 00:31:03', '2019-03-29 00:31:03'),
(293, 'Tacarigua de La Laguna', 0, 14, '2019-03-29 00:31:03', '2019-03-29 00:31:03'),
(294, 'Tacarigua de Mamporal', 0, 14, '2019-03-29 00:31:03', '2019-03-29 00:31:03'),
(295, 'Tácata', 0, 14, '2019-03-29 00:31:03', '2019-03-29 00:31:03'),
(296, 'Turumo', 0, 14, '2019-03-29 00:31:03', '2019-03-29 00:31:03'),
(297, 'Aguasay', 0, 15, '2019-03-29 00:31:03', '2019-03-29 00:31:03'),
(298, 'Aragua de Maturín', 0, 15, '2019-03-29 00:31:03', '2019-03-29 00:31:03'),
(299, 'Barrancas del Orinoco', 0, 15, '2019-03-29 00:31:03', '2019-03-29 00:31:03'),
(300, 'Caicara de Maturín', 0, 15, '2019-03-29 00:31:03', '2019-03-29 00:31:03'),
(301, 'Caripe', 0, 15, '2019-03-29 00:31:03', '2019-03-29 00:31:03'),
(302, 'Caripito', 0, 15, '2019-03-29 00:31:03', '2019-03-29 00:31:03'),
(303, 'Chaguaramal', 0, 15, '2019-03-29 00:31:03', '2019-03-29 00:31:03'),
(305, 'Chaguaramas Monagas', 0, 15, '2019-03-29 00:31:03', '2019-03-29 00:31:03'),
(307, 'El Furrial', 0, 15, '2019-03-29 00:31:03', '2019-03-29 00:31:03'),
(308, 'El Tejero', 0, 15, '2019-03-29 00:31:03', '2019-03-29 00:31:03'),
(309, 'Jusepín', 0, 15, '2019-03-29 00:31:03', '2019-03-29 00:31:03'),
(310, 'La Toscana', 0, 15, '2019-03-29 00:31:03', '2019-03-29 00:31:03'),
(311, 'Maturín', 1, 15, '2019-03-29 00:31:03', '2019-03-29 00:31:03'),
(312, 'Miraflores', 0, 15, '2019-03-29 00:31:03', '2019-03-29 00:31:03'),
(313, 'Punta de Mata', 0, 15, '2019-03-29 00:31:03', '2019-03-29 00:31:03'),
(314, 'Quiriquire', 0, 15, '2019-03-29 00:31:03', '2019-03-29 00:31:03'),
(315, 'San Antonio de Maturín', 0, 15, '2019-03-29 00:31:03', '2019-03-29 00:31:03'),
(316, 'San Vicente Monagas', 0, 15, '2019-03-29 00:31:03', '2019-03-29 00:31:03'),
(317, 'Santa Bárbara', 0, 15, '2019-03-29 00:31:03', '2019-03-29 00:31:03'),
(318, 'Temblador', 0, 15, '2019-03-29 00:31:03', '2019-03-29 00:31:03'),
(319, 'Teresen', 0, 15, '2019-03-29 00:31:03', '2019-03-29 00:31:03'),
(320, 'Uracoa', 0, 15, '2019-03-29 00:31:03', '2019-03-29 00:31:03'),
(321, 'Altagracia', 0, 16, '2019-03-29 00:31:03', '2019-03-29 00:31:03'),
(322, 'Boca de Pozo', 0, 16, '2019-03-29 00:31:03', '2019-03-29 00:31:03'),
(323, 'Boca de Río', 0, 16, '2019-03-29 00:31:03', '2019-03-29 00:31:03'),
(324, 'El Espinal', 0, 16, '2019-03-29 00:31:03', '2019-03-29 00:31:03'),
(325, 'El Valle del Espíritu Santo', 0, 16, '2019-03-29 00:31:03', '2019-03-29 00:31:03'),
(326, 'El Yaque', 0, 16, '2019-03-29 00:31:03', '2019-03-29 00:31:03'),
(327, 'Juangriego', 0, 16, '2019-03-29 00:31:03', '2019-03-29 00:31:03'),
(328, 'La Asunción', 1, 16, '2019-03-29 00:31:03', '2019-03-29 00:31:03'),
(329, 'La Guardia', 0, 16, '2019-03-29 00:31:03', '2019-03-29 00:31:03'),
(330, 'Pampatar', 0, 16, '2019-03-29 00:31:03', '2019-03-29 00:31:03'),
(331, 'Porlamar', 0, 16, '2019-03-29 00:31:03', '2019-03-29 00:31:03'),
(332, 'Puerto Fermín', 0, 16, '2019-03-29 00:31:03', '2019-03-29 00:31:03'),
(333, 'Punta de Piedras', 0, 16, '2019-03-29 00:31:03', '2019-03-29 00:31:03'),
(334, 'San Francisco de Macanao', 0, 16, '2019-03-29 00:31:03', '2019-03-29 00:31:03'),
(335, 'San Juan Bautista', 0, 16, '2019-03-29 00:31:03', '2019-03-29 00:31:03'),
(336, 'San Pedro de Coche', 0, 16, '2019-03-29 00:31:03', '2019-03-29 00:31:03'),
(337, 'Santa Ana de Nueva Esparta', 0, 16, '2019-03-29 00:31:03', '2019-03-29 00:31:03'),
(338, 'Villa Rosa', 0, 16, '2019-03-29 00:31:03', '2019-03-29 00:31:03'),
(339, 'Acarigua', 0, 17, '2019-03-29 00:31:03', '2019-03-29 00:31:03'),
(340, 'Agua Blanca', 0, 17, '2019-03-29 00:31:03', '2019-03-29 00:31:03'),
(341, 'Araure', 0, 17, '2019-03-29 00:31:03', '2019-03-29 00:31:03'),
(342, 'Biscucuy', 0, 17, '2019-03-29 00:31:03', '2019-03-29 00:31:03'),
(343, 'Boconoito', 0, 17, '2019-03-29 00:31:03', '2019-03-29 00:31:03'),
(344, 'Campo Elías', 0, 17, '2019-03-29 00:31:03', '2019-03-29 00:31:03'),
(345, 'Chabasquén', 0, 17, '2019-03-29 00:31:03', '2019-03-29 00:31:03'),
(346, 'Guanare', 1, 17, '2019-03-29 00:31:03', '2019-03-29 00:31:03'),
(347, 'Guanarito', 0, 17, '2019-03-29 00:31:03', '2019-03-29 00:31:03'),
(348, 'La Aparición', 0, 17, '2019-03-29 00:31:03', '2019-03-29 00:31:03'),
(349, 'La Misión', 0, 17, '2019-03-29 00:31:03', '2019-03-29 00:31:03'),
(350, 'Mesa de Cavacas', 0, 17, '2019-03-29 00:31:03', '2019-03-29 00:31:03'),
(351, 'Ospino', 0, 17, '2019-03-29 00:31:03', '2019-03-29 00:31:03'),
(352, 'Papelón', 0, 17, '2019-03-29 00:31:03', '2019-03-29 00:31:03'),
(353, 'Payara', 0, 17, '2019-03-29 00:31:03', '2019-03-29 00:31:03'),
(354, 'Pimpinela', 0, 17, '2019-03-29 00:31:03', '2019-03-29 00:31:03'),
(355, 'Píritu de Portuguesa', 0, 17, '2019-03-29 00:31:03', '2019-03-29 00:31:03'),
(356, 'San Rafael de Onoto', 0, 17, '2019-03-29 00:31:03', '2019-03-29 00:31:03'),
(357, 'Santa Rosalía', 0, 17, '2019-03-29 00:31:03', '2019-03-29 00:31:03'),
(358, 'Turén', 0, 17, '2019-03-29 00:31:03', '2019-03-29 00:31:03'),
(359, 'Altos de Sucre', 0, 18, '2019-03-29 00:31:03', '2019-03-29 00:31:03'),
(360, 'Araya', 0, 18, '2019-03-29 00:31:03', '2019-03-29 00:31:03'),
(361, 'Cariaco', 0, 18, '2019-03-29 00:31:03', '2019-03-29 00:31:03'),
(362, 'Carúpano', 0, 18, '2019-03-29 00:31:03', '2019-03-29 00:31:03'),
(363, 'Casanay', 0, 18, '2019-03-29 00:31:03', '2019-03-29 00:31:03'),
(364, 'Cumaná', 1, 18, '2019-03-29 00:31:03', '2019-03-29 00:31:03'),
(365, 'Cumanacoa', 0, 18, '2019-03-29 00:31:03', '2019-03-29 00:31:03'),
(366, 'El Morro Puerto Santo', 0, 18, '2019-03-29 00:31:03', '2019-03-29 00:31:03'),
(367, 'El Pilar', 0, 18, '2019-03-29 00:31:03', '2019-03-29 00:31:03'),
(368, 'El Poblado', 0, 18, '2019-03-29 00:31:03', '2019-03-29 00:31:03'),
(369, 'Guaca', 0, 18, '2019-03-29 00:31:03', '2019-03-29 00:31:03'),
(370, 'Guiria', 0, 18, '2019-03-29 00:31:03', '2019-03-29 00:31:03'),
(371, 'Irapa', 0, 18, '2019-03-29 00:31:03', '2019-03-29 00:31:03'),
(372, 'Manicuare', 0, 18, '2019-03-29 00:31:03', '2019-03-29 00:31:03'),
(373, 'Mariguitar', 0, 18, '2019-03-29 00:31:03', '2019-03-29 00:31:03'),
(374, 'Río Caribe', 0, 18, '2019-03-29 00:31:03', '2019-03-29 00:31:03'),
(375, 'San Antonio del Golfo', 0, 18, '2019-03-29 00:31:03', '2019-03-29 00:31:03'),
(376, 'San José de Aerocuar', 0, 18, '2019-03-29 00:31:03', '2019-03-29 00:31:03'),
(377, 'San Vicente de Sucre', 0, 18, '2019-03-29 00:31:03', '2019-03-29 00:31:03'),
(378, 'Santa Fe de Sucre', 0, 18, '2019-03-29 00:31:03', '2019-03-29 00:31:03'),
(379, 'Tunapuy', 0, 18, '2019-03-29 00:31:03', '2019-03-29 00:31:03'),
(380, 'Yaguaraparo', 0, 18, '2019-03-29 00:31:03', '2019-03-29 00:31:03'),
(381, 'Yoco', 0, 18, '2019-03-29 00:31:03', '2019-03-29 00:31:03'),
(382, 'Abejales', 0, 19, '2019-03-29 00:31:03', '2019-03-29 00:31:03'),
(383, 'Borota', 0, 19, '2019-03-29 00:31:03', '2019-03-29 00:31:03'),
(384, 'Bramon', 0, 19, '2019-03-29 00:31:03', '2019-03-29 00:31:03'),
(385, 'Capacho', 0, 19, '2019-03-29 00:31:03', '2019-03-29 00:31:03'),
(386, 'Colón', 0, 19, '2019-03-29 00:31:03', '2019-03-29 00:31:03'),
(387, 'Coloncito', 0, 19, '2019-03-29 00:31:03', '2019-03-29 00:31:03'),
(388, 'Cordero', 0, 19, '2019-03-29 00:31:03', '2019-03-29 00:31:03'),
(389, 'El Cobre', 0, 19, '2019-03-29 00:31:03', '2019-03-29 00:31:03'),
(390, 'El Pinal', 0, 19, '2019-03-29 00:31:03', '2019-03-29 00:31:03'),
(391, 'Independencia', 0, 19, '2019-03-29 00:31:03', '2019-03-29 00:31:03'),
(392, 'La Fría', 0, 19, '2019-03-29 00:31:03', '2019-03-29 00:31:03'),
(393, 'La Grita', 0, 19, '2019-03-29 00:31:03', '2019-03-29 00:31:03'),
(394, 'La Pedrera', 0, 19, '2019-03-29 00:31:03', '2019-03-29 00:31:03'),
(395, 'La Tendida', 0, 19, '2019-03-29 00:31:03', '2019-03-29 00:31:03'),
(396, 'Las Delicias', 0, 19, '2019-03-29 00:31:03', '2019-03-29 00:31:03'),
(397, 'Las Hernández', 0, 19, '2019-03-29 00:31:03', '2019-03-29 00:31:03'),
(398, 'Lobatera', 0, 19, '2019-03-29 00:31:03', '2019-03-29 00:31:03'),
(399, 'Michelena', 0, 19, '2019-03-29 00:31:03', '2019-03-29 00:31:03'),
(400, 'Palmira', 0, 19, '2019-03-29 00:31:03', '2019-03-29 00:31:03'),
(401, 'Pregonero', 0, 19, '2019-03-29 00:31:03', '2019-03-29 00:31:03'),
(402, 'Queniquea', 0, 19, '2019-03-29 00:31:03', '2019-03-29 00:31:03'),
(403, 'Rubio', 0, 19, '2019-03-29 00:31:03', '2019-03-29 00:31:03'),
(404, 'San Antonio del Tachira', 0, 19, '2019-03-29 00:31:03', '2019-03-29 00:31:03'),
(405, 'San Cristobal', 1, 19, '2019-03-29 00:31:03', '2019-03-29 00:31:03'),
(406, 'San José de Bolívar', 0, 19, '2019-03-29 00:31:03', '2019-03-29 00:31:03'),
(407, 'San Josecito', 0, 19, '2019-03-29 00:31:03', '2019-03-29 00:31:03'),
(408, 'San Pedro del Río', 0, 19, '2019-03-29 00:31:03', '2019-03-29 00:31:03'),
(409, 'Santa Ana Táchira', 0, 19, '2019-03-29 00:31:03', '2019-03-29 00:31:03'),
(410, 'Seboruco', 0, 19, '2019-03-29 00:31:03', '2019-03-29 00:31:03'),
(411, 'Táriba', 0, 19, '2019-03-29 00:31:03', '2019-03-29 00:31:03'),
(412, 'Umuquena', 0, 19, '2019-03-29 00:31:03', '2019-03-29 00:31:03'),
(413, 'Ureña', 0, 19, '2019-03-29 00:31:03', '2019-03-29 00:31:03'),
(414, 'Batatal', 0, 20, '2019-03-29 00:31:03', '2019-03-29 00:31:03'),
(415, 'Betijoque', 0, 20, '2019-03-29 00:31:03', '2019-03-29 00:31:03'),
(416, 'Boconó', 0, 20, '2019-03-29 00:31:03', '2019-03-29 00:31:03'),
(417, 'Carache', 0, 20, '2019-03-29 00:31:03', '2019-03-29 00:31:03'),
(418, 'Chejende', 0, 20, '2019-03-29 00:31:03', '2019-03-29 00:31:03'),
(419, 'Cuicas', 0, 20, '2019-03-29 00:31:03', '2019-03-29 00:31:03'),
(420, 'El Dividive', 0, 20, '2019-03-29 00:31:03', '2019-03-29 00:31:03'),
(421, 'El Jaguito', 0, 20, '2019-03-29 00:31:03', '2019-03-29 00:31:03'),
(422, 'Escuque', 0, 20, '2019-03-29 00:31:03', '2019-03-29 00:31:03'),
(423, 'Isnotú', 0, 20, '2019-03-29 00:31:03', '2019-03-29 00:31:03'),
(424, 'Jajó', 0, 20, '2019-03-29 00:31:03', '2019-03-29 00:31:03'),
(425, 'La Ceiba', 0, 20, '2019-03-29 00:31:03', '2019-03-29 00:31:03'),
(426, 'La Concepción de Trujllo', 0, 20, '2019-03-29 00:31:03', '2019-03-29 00:31:03'),
(427, 'La Mesa de Esnujaque', 0, 20, '2019-03-29 00:31:03', '2019-03-29 00:31:03'),
(428, 'La Puerta', 0, 20, '2019-03-29 00:31:03', '2019-03-29 00:31:03'),
(429, 'La Quebrada', 0, 20, '2019-03-29 00:31:03', '2019-03-29 00:31:03'),
(430, 'Mendoza Fría', 0, 20, '2019-03-29 00:31:03', '2019-03-29 00:31:03'),
(431, 'Meseta de Chimpire', 0, 20, '2019-03-29 00:31:03', '2019-03-29 00:31:03'),
(432, 'Monay', 0, 20, '2019-03-29 00:31:03', '2019-03-29 00:31:03'),
(433, 'Motatán', 0, 20, '2019-03-29 00:31:03', '2019-03-29 00:31:03'),
(434, 'Pampán', 0, 20, '2019-03-29 00:31:03', '2019-03-29 00:31:03'),
(435, 'Pampanito', 0, 20, '2019-03-29 00:31:03', '2019-03-29 00:31:03'),
(436, 'Sabana de Mendoza', 0, 20, '2019-03-29 00:31:03', '2019-03-29 00:31:03'),
(437, 'San Lázaro', 0, 20, '2019-03-29 00:31:03', '2019-03-29 00:31:03'),
(438, 'Santa Ana de Trujillo', 0, 20, '2019-03-29 00:31:03', '2019-03-29 00:31:03'),
(439, 'Tostós', 0, 20, '2019-03-29 00:31:03', '2019-03-29 00:31:03'),
(440, 'Trujillo', 1, 20, '2019-03-29 00:31:03', '2019-03-29 00:31:03'),
(441, 'Valera', 0, 20, '2019-03-29 00:31:03', '2019-03-29 00:31:03'),
(442, 'Carayaca', 0, 21, '2019-03-29 00:31:03', '2019-03-29 00:31:03'),
(443, 'Litoral', 0, 21, '2019-03-29 00:31:03', '2019-03-29 00:31:03'),
(444, 'Archipiélago Los Roques', 0, 25, '2019-03-29 00:31:03', '2019-03-29 00:31:03'),
(445, 'Aroa', 0, 22, '2019-03-29 00:31:03', '2019-03-29 00:31:03'),
(446, 'Boraure', 0, 22, '2019-03-29 00:31:03', '2019-03-29 00:31:03'),
(447, 'Campo Elías de Yaracuy', 0, 22, '2019-03-29 00:31:03', '2019-03-29 00:31:03'),
(448, 'Chivacoa', 0, 22, '2019-03-29 00:31:03', '2019-03-29 00:31:03'),
(449, 'Cocorote', 0, 22, '2019-03-29 00:31:03', '2019-03-29 00:31:03'),
(450, 'Farriar', 0, 22, '2019-03-29 00:31:03', '2019-03-29 00:31:03'),
(451, 'Guama', 0, 22, '2019-03-29 00:31:03', '2019-03-29 00:31:03'),
(452, 'Marín', 0, 22, '2019-03-29 00:31:03', '2019-03-29 00:31:03'),
(453, 'Nirgua', 0, 22, '2019-03-29 00:31:03', '2019-03-29 00:31:03'),
(454, 'Sabana de Parra', 0, 22, '2019-03-29 00:31:03', '2019-03-29 00:31:03'),
(455, 'Salom', 0, 22, '2019-03-29 00:31:03', '2019-03-29 00:31:03'),
(456, 'San Felipe', 1, 22, '2019-03-29 00:31:03', '2019-03-29 00:31:03'),
(457, 'San Pablo de Yaracuy', 0, 22, '2019-03-29 00:31:03', '2019-03-29 00:31:03'),
(458, 'Urachiche', 0, 22, '2019-03-29 00:31:03', '2019-03-29 00:31:03'),
(459, 'Yaritagua', 0, 22, '2019-03-29 00:31:03', '2019-03-29 00:31:03'),
(460, 'Yumare', 0, 22, '2019-03-29 00:31:03', '2019-03-29 00:31:03'),
(461, 'Bachaquero', 0, 23, '2019-03-29 00:31:03', '2019-03-29 00:31:03'),
(462, 'Bobures', 0, 23, '2019-03-29 00:31:03', '2019-03-29 00:31:03'),
(463, 'Cabimas', 0, 23, '2019-03-29 00:31:03', '2019-03-29 00:31:03'),
(464, 'Campo Concepción', 0, 23, '2019-03-29 00:31:03', '2019-03-29 00:31:03'),
(465, 'Campo Mara', 0, 23, '2019-03-29 00:31:03', '2019-03-29 00:31:03'),
(466, 'Campo Rojo', 0, 23, '2019-03-29 00:31:03', '2019-03-29 00:31:03'),
(467, 'Carrasquero', 0, 23, '2019-03-29 00:31:03', '2019-03-29 00:31:03'),
(468, 'Casigua', 0, 23, '2019-03-29 00:31:03', '2019-03-29 00:31:03'),
(469, 'Chiquinquirá', 0, 23, '2019-03-29 00:31:03', '2019-03-29 00:31:03'),
(470, 'Ciudad Ojeda', 0, 23, '2019-03-29 00:31:03', '2019-03-29 00:31:03'),
(471, 'El Batey', 0, 23, '2019-03-29 00:31:03', '2019-03-29 00:31:03'),
(472, 'El Carmelo', 0, 23, '2019-03-29 00:31:03', '2019-03-29 00:31:03'),
(473, 'El Chivo', 0, 23, '2019-03-29 00:31:03', '2019-03-29 00:31:03'),
(474, 'El Guayabo', 0, 23, '2019-03-29 00:31:03', '2019-03-29 00:31:03'),
(475, 'El Mene', 0, 23, '2019-03-29 00:31:03', '2019-03-29 00:31:03'),
(476, 'El Venado', 0, 23, '2019-03-29 00:31:03', '2019-03-29 00:31:03'),
(477, 'Encontrados', 0, 23, '2019-03-29 00:31:03', '2019-03-29 00:31:03'),
(478, 'Gibraltar', 0, 23, '2019-03-29 00:31:03', '2019-03-29 00:31:03'),
(479, 'Isla de Toas', 0, 23, '2019-03-29 00:31:03', '2019-03-29 00:31:03'),
(480, 'La Concepción del Zulia', 0, 23, '2019-03-29 00:31:03', '2019-03-29 00:31:03'),
(481, 'La Paz', 0, 23, '2019-03-29 00:31:03', '2019-03-29 00:31:03'),
(482, 'La Sierrita', 0, 23, '2019-03-29 00:31:03', '2019-03-29 00:31:03'),
(483, 'Lagunillas del Zulia', 0, 23, '2019-03-29 00:31:03', '2019-03-29 00:31:03'),
(484, 'Las Piedras de Perijá', 0, 23, '2019-03-29 00:31:03', '2019-03-29 00:31:03'),
(485, 'Los Cortijos', 0, 23, '2019-03-29 00:31:03', '2019-03-29 00:31:03'),
(486, 'Machiques', 0, 23, '2019-03-29 00:31:03', '2019-03-29 00:31:03'),
(487, 'Maracaibo', 1, 23, '2019-03-29 00:31:03', '2019-03-29 00:31:03'),
(488, 'Mene Grande', 0, 23, '2019-03-29 00:31:03', '2019-03-29 00:31:03'),
(489, 'Palmarejo', 0, 23, '2019-03-29 00:31:03', '2019-03-29 00:31:03'),
(490, 'Paraguaipoa', 0, 23, '2019-03-29 00:31:03', '2019-03-29 00:31:03'),
(491, 'Potrerito', 0, 23, '2019-03-29 00:31:03', '2019-03-29 00:31:03'),
(492, 'Pueblo Nuevo del Zulia', 0, 23, '2019-03-29 00:31:03', '2019-03-29 00:31:03'),
(493, 'Puertos de Altagracia', 0, 23, '2019-03-29 00:31:03', '2019-03-29 00:31:03'),
(494, 'Punta Gorda', 0, 23, '2019-03-29 00:31:03', '2019-03-29 00:31:03'),
(495, 'Sabaneta de Palma', 0, 23, '2019-03-29 00:31:03', '2019-03-29 00:31:03'),
(496, 'San Francisco', 0, 23, '2019-03-29 00:31:03', '2019-03-29 00:31:03'),
(497, 'San José de Perijá', 0, 23, '2019-03-29 00:31:03', '2019-03-29 00:31:03'),
(498, 'San Rafael del Moján', 0, 23, '2019-03-29 00:31:03', '2019-03-29 00:31:03'),
(499, 'San Timoteo', 0, 23, '2019-03-29 00:31:03', '2019-03-29 00:31:03'),
(500, 'Santa Bárbara Del Zulia', 0, 23, '2019-03-29 00:31:03', '2019-03-29 00:31:03'),
(501, 'Santa Cruz de Mara', 0, 23, '2019-03-29 00:31:03', '2019-03-29 00:31:03'),
(502, 'Santa Cruz del Zulia', 0, 23, '2019-03-29 00:31:03', '2019-03-29 00:31:03'),
(503, 'Santa Rita', 0, 23, '2019-03-29 00:31:03', '2019-03-29 00:31:03'),
(504, 'Sinamaica', 0, 23, '2019-03-29 00:31:03', '2019-03-29 00:31:03'),
(505, 'Tamare', 0, 23, '2019-03-29 00:31:03', '2019-03-29 00:31:03'),
(506, 'Tía Juana', 0, 23, '2019-03-29 00:31:03', '2019-03-29 00:31:03'),
(507, 'Villa del Rosario', 0, 23, '2019-03-29 00:31:03', '2019-03-29 00:31:03'),
(508, 'La Guaira', 1, 21, '2019-03-29 00:31:03', '2019-03-29 00:31:03'),
(509, 'Catia La Mar', 0, 21, '2019-03-29 00:31:03', '2019-03-29 00:31:03'),
(510, 'Macuto', 0, 21, '2019-03-29 00:31:03', '2019-03-29 00:31:03'),
(511, 'Naiguatá', 0, 21, '2019-03-29 00:31:03', '2019-03-29 00:31:03'),
(512, 'Archipiélago Los Monjes', 0, 25, '2019-03-29 00:31:03', '2019-03-29 00:31:03'),
(513, 'Isla La Tortuga y Cayos adyacentes', 0, 25, '2019-03-29 00:31:03', '2019-03-29 00:31:03'),
(514, 'Isla La Sola', 0, 25, '2019-03-29 00:31:03', '2019-03-29 00:31:03'),
(515, 'Islas Los Testigos', 0, 25, '2019-03-29 00:31:03', '2019-03-29 00:31:03'),
(516, 'Islas Los Frailes', 0, 25, '2019-03-29 00:31:03', '2019-03-29 00:31:03'),
(517, 'Isla La Orchila', 0, 25, '2019-03-29 00:31:03', '2019-03-29 00:31:03'),
(518, 'Archipiélago Las Aves', 0, 25, '2019-03-29 00:31:03', '2019-03-29 00:31:03'),
(519, 'Isla de Aves', 0, 25, '2019-03-29 00:31:03', '2019-03-29 00:31:03'),
(520, 'Isla La Blanquilla', 0, 25, '2019-03-29 00:31:03', '2019-03-29 00:31:03'),
(521, 'Isla de Patos', 0, 25, '2019-03-29 00:31:03', '2019-03-29 00:31:03'),
(522, 'Islas Los Hermanos', 0, 25, '2019-03-29 00:31:03', '2019-03-29 00:31:03');

-- --------------------------------------------------------

--
-- Estructura de tabla para la tabla `estados`
--

CREATE TABLE `estados` (
  `id` int(11) NOT NULL,
  `estado` varchar(255) DEFAULT NULL,
  `iso_3166_2` varchar(255) DEFAULT NULL,
  `createdAt` datetime NOT NULL,
  `updatedAt` datetime NOT NULL
) ENGINE=InnoDB DEFAULT CHARSET=latin1;

--
-- Volcado de datos para la tabla `estados`
--

INSERT INTO `estados` (`id`, `estado`, `iso_3166_2`, `createdAt`, `updatedAt`) VALUES
(1, 'Amazonas', 'VE-X', '2019-03-29 00:31:03', '2019-03-29 00:31:03'),
(2, 'Anzoátegui', 'VE-B', '2019-03-29 00:31:04', '2019-03-29 00:31:04'),
(3, 'Apure', 'VE-C', '2019-03-29 00:31:05', '2019-03-29 00:31:05'),
(4, 'Aragua', 'VE-D', '2019-03-29 00:31:06', '2019-03-29 00:31:06'),
(5, 'Barinas', 'VE-E', '2019-03-29 00:31:07', '2019-03-29 00:31:07'),
(6, 'Bolívar', 'VE-F', '2019-03-29 00:31:08', '2019-03-29 00:31:08'),
(7, 'Carabobo', 'VE-G', '2019-03-29 00:31:09', '2019-03-29 00:31:09'),
(8, 'Cojedes', 'VE-H', '2019-03-29 00:31:10', '2019-03-29 00:31:10'),
(9, 'Delta Amacuro', 'VE-Y', '2019-03-29 00:31:11', '2019-03-29 00:31:11'),
(10, 'Falcón', 'VE-I', '2019-03-29 00:31:12', '2019-03-29 00:31:12'),
(11, 'Guárico', 'VE-J', '2019-03-29 00:31:13', '2019-03-29 00:31:13'),
(12, 'Lara', 'VE-K', '2019-03-29 00:31:14', '2019-03-29 00:31:14'),
(13, 'Mérida', 'VE-L', '2019-03-29 00:31:15', '2019-03-29 00:31:15'),
(14, 'Miranda', 'VE-M', '2019-03-29 00:31:16', '2019-03-29 00:31:16'),
(15, 'Monagas', 'VE-N', '2019-03-29 00:31:17', '2019-03-29 00:31:17'),
(16, 'Nueva Esparta', 'VE-O', '2019-03-29 00:31:18', '2019-03-29 00:31:18'),
(17, 'Portuguesa', 'VE-P', '2019-03-29 00:31:19', '2019-03-29 00:31:19'),
(18, 'Sucre', 'VE-R', '2019-03-29 00:31:20', '2019-03-29 00:31:20'),
(19, 'Táchira', 'VE-S', '2019-03-29 00:31:21', '2019-03-29 00:31:21'),
(20, 'Trujillo', 'VE-T', '2019-03-29 00:31:22', '2019-03-29 00:31:22'),
(21, 'Vargas', 'VE-W', '2019-03-29 00:31:23', '2019-03-29 00:31:23'),
(22, 'Yaracuy', 'VE-U', '2019-03-29 00:31:24', '2019-03-29 00:31:24'),
(23, 'Zulia', 'VE-V', '2019-03-29 00:31:25', '2019-03-29 00:31:25'),
(24, 'Distrito Capital', 'VE-A', '2019-03-29 00:31:26', '2019-03-29 00:31:26'),
(25, 'Dependencias Federales', 'VE-Z', '2019-03-29 00:31:27', '2019-03-29 00:31:27');

-- --------------------------------------------------------

--
-- Estructura de tabla para la tabla `municipios`
--

CREATE TABLE `municipios` (
  `id` int(11) NOT NULL,
  `municipio` varchar(255) DEFAULT NULL,
  `ciudad_id` int(11) DEFAULT NULL,
  `estado_id` int(11) DEFAULT NULL,
  `createdAt` datetime NOT NULL,
  `updatedAt` datetime NOT NULL
) ENGINE=InnoDB DEFAULT CHARSET=latin1;

--
-- Volcado de datos para la tabla `municipios`
--

INSERT INTO `municipios` (`id`, `municipio`, `ciudad_id`, `estado_id`, `createdAt`, `updatedAt`) VALUES
(1, 'Alto Orinoco', 1, 1, '2019-03-29 00:31:03', '2019-03-29 00:31:03'),
(2, 'Atabapo', 1, 1, '2019-03-29 00:31:03', '2019-03-29 00:31:03'),
(3, 'Atures', 1, 1, '2019-03-29 00:31:03', '2019-03-29 00:31:03'),
(4, 'Autana', 1, 1, '2019-03-29 00:31:03', '2019-03-29 00:31:03'),
(5, 'Manapiare', 1, 1, '2019-03-29 00:31:03', '2019-03-29 00:31:03'),
(6, 'Maroa', 1, 1, '2019-03-29 00:31:03', '2019-03-29 00:31:03'),
(7, 'Río Negro', 1, 1, '2019-03-29 00:31:03', '2019-03-29 00:31:03'),
(8, 'Anaco', 1, 2, '2019-03-29 00:31:03', '2019-03-29 00:31:03'),
(9, 'Aragua', 1, 2, '2019-03-29 00:31:03', '2019-03-29 00:31:03'),
(10, 'Manuel Ezequiel Bruzual', 1, 2, '2019-03-29 00:31:03', '2019-03-29 00:31:03'),
(11, 'Diego Bautista Urbaneja', 1, 2, '2019-03-29 00:31:03', '2019-03-29 00:31:03'),
(12, 'Fernando Peñalver', 1, 2, '2019-03-29 00:31:03', '2019-03-29 00:31:03'),
(13, 'Francisco Del Carmen Carvajal', 1, 2, '2019-03-29 00:31:03', '2019-03-29 00:31:03'),
(14, 'General Sir Arthur McGregor', 1, 2, '2019-03-29 00:31:03', '2019-03-29 00:31:03'),
(15, 'Guanta', 1, 2, '2019-03-29 00:31:03', '2019-03-29 00:31:03'),
(16, 'Independencia', 1, 2, '2019-03-29 00:31:03', '2019-03-29 00:31:03'),
(17, 'José Gregorio Monagas', 1, 2, '2019-03-29 00:31:03', '2019-03-29 00:31:03'),
(18, 'Juan Antonio Sotillo', 1, 2, '2019-03-29 00:31:03', '2019-03-29 00:31:03'),
(19, 'Juan Manuel Cajigal', 1, 2, '2019-03-29 00:31:03', '2019-03-29 00:31:03'),
(20, 'Libertad', 1, 2, '2019-03-29 00:31:03', '2019-03-29 00:31:03'),
(21, 'Francisco de Miranda', 1, 2, '2019-03-29 00:31:03', '2019-03-29 00:31:03'),
(22, 'Pedro María Freites', 1, 2, '2019-03-29 00:31:03', '2019-03-29 00:31:03'),
(23, 'Píritu', 1, 2, '2019-03-29 00:31:03', '2019-03-29 00:31:03'),
(24, 'San José de Guanipa', 1, 2, '2019-03-29 00:31:03', '2019-03-29 00:31:03'),
(25, 'San Juan de Capistrano', 1, 2, '2019-03-29 00:31:03', '2019-03-29 00:31:03'),
(26, 'Santa Ana', 1, 2, '2019-03-29 00:31:03', '2019-03-29 00:31:03'),
(27, 'Simón Bolívar', 1, 2, '2019-03-29 00:31:03', '2019-03-29 00:31:03'),
(28, 'Simón Rodríguez', 1, 2, '2019-03-29 00:31:03', '2019-03-29 00:31:03'),
(29, 'Achaguas', 1, 3, '2019-03-29 00:31:03', '2019-03-29 00:31:03'),
(30, 'Biruaca', 1, 3, '2019-03-29 00:31:03', '2019-03-29 00:31:03'),
(31, 'Muñóz', 1, 3, '2019-03-29 00:31:03', '2019-03-29 00:31:03'),
(32, 'Páez', 1, 3, '2019-03-29 00:31:03', '2019-03-29 00:31:03'),
(33, 'Pedro Camejo', 1, 3, '2019-03-29 00:31:03', '2019-03-29 00:31:03'),
(34, 'Rómulo Gallegos', 1, 3, '2019-03-29 00:31:03', '2019-03-29 00:31:03'),
(35, 'San Fernando', 1, 3, '2019-03-29 00:31:03', '2019-03-29 00:31:03'),
(36, 'Atanasio Girardot', 1, 4, '2019-03-29 00:31:03', '2019-03-29 00:31:03'),
(37, 'Bolívar', 1, 4, '2019-03-29 00:31:03', '2019-03-29 00:31:03'),
(38, 'Camatagua', 1, 4, '2019-03-29 00:31:03', '2019-03-29 00:31:03'),
(39, 'Francisco Linares Alcántara', 1, 4, '2019-03-29 00:31:03', '2019-03-29 00:31:03'),
(40, 'José Ángel Lamas', 1, 4, '2019-03-29 00:31:03', '2019-03-29 00:31:03'),
(41, 'José Félix Ribas', 1, 4, '2019-03-29 00:31:03', '2019-03-29 00:31:03'),
(42, 'José Rafael Revenga', 1, 4, '2019-03-29 00:31:03', '2019-03-29 00:31:03'),
(43, 'Libertador', 1, 4, '2019-03-29 00:31:03', '2019-03-29 00:31:03'),
(44, 'Mario Briceño Iragorry', 1, 4, '2019-03-29 00:31:03', '2019-03-29 00:31:03'),
(45, 'Ocumare de la Costa de Oro', 1, 4, '2019-03-29 00:31:03', '2019-03-29 00:31:03'),
(46, 'San Casimiro', 1, 4, '2019-03-29 00:31:03', '2019-03-29 00:31:03'),
(47, 'San Sebastián', 1, 4, '2019-03-29 00:31:03', '2019-03-29 00:31:03'),
(48, 'Santiago Mariño', 1, 4, '2019-03-29 00:31:03', '2019-03-29 00:31:03'),
(49, 'Santos Michelena', 1, 4, '2019-03-29 00:31:03', '2019-03-29 00:31:03'),
(50, 'Sucre', 1, 4, '2019-03-29 00:31:03', '2019-03-29 00:31:03'),
(51, 'Tovar', 1, 4, '2019-03-29 00:31:03', '2019-03-29 00:31:03'),
(52, 'Urdaneta', 1, 4, '2019-03-29 00:31:03', '2019-03-29 00:31:03'),
(53, 'Zamora', 1, 4, '2019-03-29 00:31:03', '2019-03-29 00:31:03'),
(54, 'Alberto Arvelo Torrealba', 1, 5, '2019-03-29 00:31:03', '2019-03-29 00:31:03'),
(55, 'Andrés Eloy Blanco', 1, 5, '2019-03-29 00:31:03', '2019-03-29 00:31:03'),
(56, 'Antonio José de Sucre', 1, 5, '2019-03-29 00:31:03', '2019-03-29 00:31:03'),
(57, 'Arismendi', 1, 5, '2019-03-29 00:31:03', '2019-03-29 00:31:03'),
(58, 'Barinas', 1, 5, '2019-03-29 00:31:03', '2019-03-29 00:31:03'),
(59, 'Bolívar', 1, 5, '2019-03-29 00:31:03', '2019-03-29 00:31:03'),
(60, 'Cruz Paredes', 1, 5, '2019-03-29 00:31:03', '2019-03-29 00:31:03'),
(61, 'Ezequiel Zamora', 1, 5, '2019-03-29 00:31:03', '2019-03-29 00:31:03'),
(62, 'Obispos', 1, 5, '2019-03-29 00:31:03', '2019-03-29 00:31:03'),
(63, 'Pedraza', 1, 5, '2019-03-29 00:31:03', '2019-03-29 00:31:03'),
(64, 'Rojas', 1, 5, '2019-03-29 00:31:03', '2019-03-29 00:31:03'),
(65, 'Sosa', 1, 5, '2019-03-29 00:31:03', '2019-03-29 00:31:03'),
(66, 'Caroní', 1, 6, '2019-03-29 00:31:03', '2019-03-29 00:31:03'),
(67, 'Cedeño', 1, 6, '2019-03-29 00:31:03', '2019-03-29 00:31:03'),
(68, 'El Callao', 1, 6, '2019-03-29 00:31:03', '2019-03-29 00:31:03'),
(69, 'Gran Sabana', 1, 6, '2019-03-29 00:31:03', '2019-03-29 00:31:03'),
(70, 'Heres', 1, 6, '2019-03-29 00:31:03', '2019-03-29 00:31:03'),
(71, 'Piar', 1, 6, '2019-03-29 00:31:03', '2019-03-29 00:31:03'),
(72, 'Angostura (Raúl Leoni)', 1, 6, '2019-03-29 00:31:03', '2019-03-29 00:31:03'),
(73, 'Roscio', 1, 6, '2019-03-29 00:31:03', '2019-03-29 00:31:03'),
(74, 'Sifontes', 1, 6, '2019-03-29 00:31:03', '2019-03-29 00:31:03'),
(75, 'Sucre', 1, 6, '2019-03-29 00:31:03', '2019-03-29 00:31:03'),
(76, 'Padre Pedro Chien', 1, 6, '2019-03-29 00:31:03', '2019-03-29 00:31:03'),
(77, 'Bejuma', 1, 7, '2019-03-29 00:31:03', '2019-03-29 00:31:03'),
(78, 'Carlos Arvelo', 1, 7, '2019-03-29 00:31:03', '2019-03-29 00:31:03'),
(79, 'Diego Ibarra', 1, 7, '2019-03-29 00:31:03', '2019-03-29 00:31:03'),
(80, 'Guacara', 1, 7, '2019-03-29 00:31:03', '2019-03-29 00:31:03'),
(81, 'Juan José Mora', 1, 7, '2019-03-29 00:31:03', '2019-03-29 00:31:03'),
(82, 'Libertador', 1, 7, '2019-03-29 00:31:03', '2019-03-29 00:31:03'),
(83, 'Los Guayos', 1, 7, '2019-03-29 00:31:03', '2019-03-29 00:31:03'),
(84, 'Miranda', 1, 7, '2019-03-29 00:31:03', '2019-03-29 00:31:03'),
(85, 'Montalbán', 1, 7, '2019-03-29 00:31:03', '2019-03-29 00:31:03'),
(86, 'Naguanagua', 1, 7, '2019-03-29 00:31:03', '2019-03-29 00:31:03'),
(87, 'Puerto Cabello', 1, 7, '2019-03-29 00:31:03', '2019-03-29 00:31:03'),
(88, 'San Diego', 1, 7, '2019-03-29 00:31:03', '2019-03-29 00:31:03'),
(89, 'San Joaquín', 1, 7, '2019-03-29 00:31:03', '2019-03-29 00:31:03'),
(90, 'Valencia', 1, 7, '2019-03-29 00:31:03', '2019-03-29 00:31:03'),
(91, 'Anzoátegui', 1, 8, '2019-03-29 00:31:03', '2019-03-29 00:31:03'),
(92, 'Tinaquillo', 1, 8, '2019-03-29 00:31:03', '2019-03-29 00:31:03'),
(93, 'Girardot', 1, 8, '2019-03-29 00:31:03', '2019-03-29 00:31:03'),
(94, 'Lima Blanco', 1, 8, '2019-03-29 00:31:03', '2019-03-29 00:31:03'),
(95, 'Pao de San Juan Bautista', 1, 8, '2019-03-29 00:31:03', '2019-03-29 00:31:03'),
(96, 'Ricaurte', 1, 8, '2019-03-29 00:31:03', '2019-03-29 00:31:03'),
(97, 'Rómulo Gallegos', 1, 8, '2019-03-29 00:31:03', '2019-03-29 00:31:03'),
(98, 'San Carlos', 1, 8, '2019-03-29 00:31:03', '2019-03-29 00:31:03'),
(99, 'Tinaco', 1, 8, '2019-03-29 00:31:03', '2019-03-29 00:31:03'),
(100, 'Antonio Díaz', 1, 9, '2019-03-29 00:31:03', '2019-03-29 00:31:03'),
(101, 'Casacoima', 1, 9, '2019-03-29 00:31:03', '2019-03-29 00:31:03'),
(102, 'Pedernales', 1, 9, '2019-03-29 00:31:03', '2019-03-29 00:31:03'),
(103, 'Tucupita', 1, 9, '2019-03-29 00:31:03', '2019-03-29 00:31:03'),
(104, 'Acosta', 1, 10, '2019-03-29 00:31:03', '2019-03-29 00:31:03'),
(105, 'Bolívar', 1, 10, '2019-03-29 00:31:03', '2019-03-29 00:31:03'),
(106, 'Buchivacoa', 1, 10, '2019-03-29 00:31:03', '2019-03-29 00:31:03'),
(107, 'Cacique Manaure', 1, 10, '2019-03-29 00:31:03', '2019-03-29 00:31:03'),
(108, 'Carirubana', 1, 10, '2019-03-29 00:31:03', '2019-03-29 00:31:03'),
(109, 'Colina', 1, 10, '2019-03-29 00:31:03', '2019-03-29 00:31:03'),
(110, 'Dabajuro', 1, 10, '2019-03-29 00:31:03', '2019-03-29 00:31:03'),
(111, 'Democracia', 1, 10, '2019-03-29 00:31:03', '2019-03-29 00:31:03'),
(112, 'Falcón', 1, 10, '2019-03-29 00:31:03', '2019-03-29 00:31:03'),
(113, 'Federación', 1, 10, '2019-03-29 00:31:03', '2019-03-29 00:31:03'),
(114, 'Jacura', 1, 10, '2019-03-29 00:31:03', '2019-03-29 00:31:03'),
(115, 'José Laurencio Silva', 1, 10, '2019-03-29 00:31:03', '2019-03-29 00:31:03'),
(116, 'Los Taques', 1, 10, '2019-03-29 00:31:03', '2019-03-29 00:31:03'),
(117, 'Mauroa', 1, 10, '2019-03-29 00:31:03', '2019-03-29 00:31:03'),
(118, 'Miranda', 1, 10, '2019-03-29 00:31:03', '2019-03-29 00:31:03'),
(119, 'Monseñor Iturriza', 1, 10, '2019-03-29 00:31:03', '2019-03-29 00:31:03'),
(120, 'Palmasola', 1, 10, '2019-03-29 00:31:03', '2019-03-29 00:31:03'),
(121, 'Petit', 1, 10, '2019-03-29 00:31:03', '2019-03-29 00:31:03'),
(122, 'Píritu', 1, 10, '2019-03-29 00:31:03', '2019-03-29 00:31:03'),
(123, 'San Francisco', 1, 10, '2019-03-29 00:31:03', '2019-03-29 00:31:03'),
(124, 'Sucre', 1, 10, '2019-03-29 00:31:03', '2019-03-29 00:31:03'),
(125, 'Tocópero', 1, 10, '2019-03-29 00:31:03', '2019-03-29 00:31:03'),
(126, 'Unión', 1, 10, '2019-03-29 00:31:03', '2019-03-29 00:31:03'),
(127, 'Urumaco', 1, 10, '2019-03-29 00:31:03', '2019-03-29 00:31:03'),
(128, 'Zamora', 1, 10, '2019-03-29 00:31:03', '2019-03-29 00:31:03'),
(129, 'Camaguán', 1, 11, '2019-03-29 00:31:03', '2019-03-29 00:31:03'),
(130, 'Chaguaramas', 1, 11, '2019-03-29 00:31:03', '2019-03-29 00:31:03'),
(131, 'El Socorro', 1, 11, '2019-03-29 00:31:03', '2019-03-29 00:31:03'),
(132, 'José Félix Ribas', 1, 11, '2019-03-29 00:31:03', '2019-03-29 00:31:03'),
(133, 'José Tadeo Monagas', 1, 11, '2019-03-29 00:31:03', '2019-03-29 00:31:03'),
(134, 'Juan Germán Roscio', 1, 11, '2019-03-29 00:31:03', '2019-03-29 00:31:03'),
(135, 'Julián Mellado', 1, 11, '2019-03-29 00:31:03', '2019-03-29 00:31:03'),
(136, 'Las Mercedes', 1, 11, '2019-03-29 00:31:03', '2019-03-29 00:31:03'),
(137, 'Leonardo Infante', 1, 11, '2019-03-29 00:31:03', '2019-03-29 00:31:03'),
(138, 'Pedro Zaraza', 1, 11, '2019-03-29 00:31:03', '2019-03-29 00:31:03'),
(139, 'Ortíz', 1, 11, '2019-03-29 00:31:03', '2019-03-29 00:31:03'),
(140, 'San Gerónimo de Guayabal', 1, 11, '2019-03-29 00:31:03', '2019-03-29 00:31:03'),
(141, 'San José de Guaribe', 1, 11, '2019-03-29 00:31:03', '2019-03-29 00:31:03'),
(142, 'Santa María de Ipire', 1, 11, '2019-03-29 00:31:03', '2019-03-29 00:31:03'),
(143, 'Sebastián Francisco de Miranda', 1, 11, '2019-03-29 00:31:03', '2019-03-29 00:31:03'),
(144, 'Andrés Eloy Blanco', 1, 12, '2019-03-29 00:31:03', '2019-03-29 00:31:03'),
(145, 'Crespo', 1, 12, '2019-03-29 00:31:03', '2019-03-29 00:31:03'),
(146, 'Iribarren', 1, 12, '2019-03-29 00:31:03', '2019-03-29 00:31:03'),
(147, 'Jiménez', 1, 12, '2019-03-29 00:31:03', '2019-03-29 00:31:03'),
(148, 'Morán', 1, 12, '2019-03-29 00:31:03', '2019-03-29 00:31:03'),
(149, 'Palavecino', 1, 12, '2019-03-29 00:31:03', '2019-03-29 00:31:03'),
(150, 'Simón Planas', 1, 12, '2019-03-29 00:31:03', '2019-03-29 00:31:03'),
(151, 'Torres', 1, 12, '2019-03-29 00:31:03', '2019-03-29 00:31:03'),
(152, 'Urdaneta', 1, 12, '2019-03-29 00:31:03', '2019-03-29 00:31:03'),
(179, 'Alberto Adriani', 1, 13, '2019-03-29 00:31:03', '2019-03-29 00:31:03'),
(180, 'Andrés Bello', 1, 13, '2019-03-29 00:31:03', '2019-03-29 00:31:03'),
(181, 'Antonio Pinto Salinas', 1, 13, '2019-03-29 00:31:03', '2019-03-29 00:31:03'),
(182, 'Aricagua', 1, 13, '2019-03-29 00:31:03', '2019-03-29 00:31:03'),
(183, 'Arzobispo Chacón', 1, 13, '2019-03-29 00:31:03', '2019-03-29 00:31:03'),
(184, 'Campo Elías', 1, 13, '2019-03-29 00:31:03', '2019-03-29 00:31:03'),
(185, 'Caracciolo Parra Olmedo', 1, 13, '2019-03-29 00:31:03', '2019-03-29 00:31:03'),
(186, 'Cardenal Quintero', 1, 13, '2019-03-29 00:31:03', '2019-03-29 00:31:03'),
(187, 'Guaraque', 1, 13, '2019-03-29 00:31:03', '2019-03-29 00:31:03'),
(188, 'Julio César Salas', 1, 13, '2019-03-29 00:31:03', '2019-03-29 00:31:03'),
(189, 'Justo Briceño', 1, 13, '2019-03-29 00:31:03', '2019-03-29 00:31:03'),
(190, 'Libertador', 1, 13, '2019-03-29 00:31:03', '2019-03-29 00:31:03'),
(191, 'Miranda', 1, 13, '2019-03-29 00:31:03', '2019-03-29 00:31:03'),
(192, 'Obispo Ramos de Lora', 1, 13, '2019-03-29 00:31:03', '2019-03-29 00:31:03'),
(193, 'Padre Noguera', 1, 13, '2019-03-29 00:31:03', '2019-03-29 00:31:03'),
(194, 'Pueblo Llano', 1, 13, '2019-03-29 00:31:03', '2019-03-29 00:31:03'),
(195, 'Rangel', 1, 13, '2019-03-29 00:31:03', '2019-03-29 00:31:03'),
(196, 'Rivas Dávila', 1, 13, '2019-03-29 00:31:03', '2019-03-29 00:31:03'),
(197, 'Santos Marquina', 1, 13, '2019-03-29 00:31:03', '2019-03-29 00:31:03'),
(198, 'Sucre', 1, 13, '2019-03-29 00:31:03', '2019-03-29 00:31:03'),
(199, 'Tovar', 1, 13, '2019-03-29 00:31:03', '2019-03-29 00:31:03'),
(200, 'Tulio Febres Cordero', 1, 13, '2019-03-29 00:31:03', '2019-03-29 00:31:03'),
(201, 'Zea', 1, 13, '2019-03-29 00:31:03', '2019-03-29 00:31:03'),
(223, 'Acevedo', 1, 14, '2019-03-29 00:31:03', '2019-03-29 00:31:03'),
(224, 'Andrés Bello', 1, 14, '2019-03-29 00:31:03', '2019-03-29 00:31:03'),
(225, 'Baruta', 1, 14, '2019-03-29 00:31:03', '2019-03-29 00:31:03'),
(226, 'Brión', 1, 14, '2019-03-29 00:31:03', '2019-03-29 00:31:03'),
(227, 'Buroz', 1, 14, '2019-03-29 00:31:03', '2019-03-29 00:31:03'),
(228, 'Carrizal', 1, 14, '2019-03-29 00:31:03', '2019-03-29 00:31:03'),
(229, 'Chacao', 1, 14, '2019-03-29 00:31:03', '2019-03-29 00:31:03'),
(230, 'Cristóbal Rojas', 1, 14, '2019-03-29 00:31:03', '2019-03-29 00:31:03'),
(231, 'El Hatillo', 1, 14, '2019-03-29 00:31:03', '2019-03-29 00:31:03'),
(232, 'Guaicaipuro', 1, 14, '2019-03-29 00:31:03', '2019-03-29 00:31:03'),
(233, 'Independencia', 1, 14, '2019-03-29 00:31:03', '2019-03-29 00:31:03'),
(234, 'Lander', 1, 14, '2019-03-29 00:31:03', '2019-03-29 00:31:03'),
(235, 'Los Salias', 1, 14, '2019-03-29 00:31:03', '2019-03-29 00:31:03'),
(236, 'Páez', 1, 14, '2019-03-29 00:31:03', '2019-03-29 00:31:03'),
(237, 'Paz Castillo', 1, 14, '2019-03-29 00:31:03', '2019-03-29 00:31:03'),
(238, 'Pedro Gual', 1, 14, '2019-03-29 00:31:03', '2019-03-29 00:31:03'),
(239, 'Plaza', 1, 14, '2019-03-29 00:31:03', '2019-03-29 00:31:03'),
(240, 'Simón Bolívar', 1, 14, '2019-03-29 00:31:03', '2019-03-29 00:31:03'),
(241, 'Sucre', 1, 14, '2019-03-29 00:31:03', '2019-03-29 00:31:03'),
(242, 'Urdaneta', 1, 14, '2019-03-29 00:31:03', '2019-03-29 00:31:03'),
(243, 'Zamora', 1, 14, '2019-03-29 00:31:03', '2019-03-29 00:31:03'),
(258, 'Acosta', 1, 15, '2019-03-29 00:31:03', '2019-03-29 00:31:03'),
(259, 'Aguasay', 1, 15, '2019-03-29 00:31:03', '2019-03-29 00:31:03'),
(260, 'Bolívar', 1, 15, '2019-03-29 00:31:03', '2019-03-29 00:31:03'),
(261, 'Caripe', 1, 15, '2019-03-29 00:31:03', '2019-03-29 00:31:03'),
(262, 'Cedeño', 1, 15, '2019-03-29 00:31:03', '2019-03-29 00:31:03'),
(263, 'Ezequiel Zamora', 1, 15, '2019-03-29 00:31:03', '2019-03-29 00:31:03'),
(264, 'Libertador', 1, 15, '2019-03-29 00:31:03', '2019-03-29 00:31:03'),
(265, 'Maturín', 1, 15, '2019-03-29 00:31:03', '2019-03-29 00:31:03'),
(266, 'Piar', 1, 15, '2019-03-29 00:31:03', '2019-03-29 00:31:03'),
(267, 'Punceres', 1, 15, '2019-03-29 00:31:03', '2019-03-29 00:31:03'),
(268, 'Santa Bárbara', 1, 15, '2019-03-29 00:31:03', '2019-03-29 00:31:03'),
(269, 'Sotillo', 1, 15, '2019-03-29 00:31:03', '2019-03-29 00:31:03'),
(270, 'Uracoa', 1, 15, '2019-03-29 00:31:03', '2019-03-29 00:31:03'),
(271, 'Antolín del Campo', 1, 16, '2019-03-29 00:31:03', '2019-03-29 00:31:03'),
(272, 'Arismendi', 1, 16, '2019-03-29 00:31:03', '2019-03-29 00:31:03'),
(273, 'García', 1, 16, '2019-03-29 00:31:03', '2019-03-29 00:31:03'),
(274, 'Gómez', 1, 16, '2019-03-29 00:31:03', '2019-03-29 00:31:03'),
(275, 'Maneiro', 1, 16, '2019-03-29 00:31:03', '2019-03-29 00:31:03'),
(276, 'Marcano', 1, 16, '2019-03-29 00:31:03', '2019-03-29 00:31:03'),
(277, 'Mariño', 1, 16, '2019-03-29 00:31:03', '2019-03-29 00:31:03'),
(278, 'Península de Macanao', 1, 16, '2019-03-29 00:31:03', '2019-03-29 00:31:03'),
(279, 'Tubores', 1, 16, '2019-03-29 00:31:03', '2019-03-29 00:31:03'),
(280, 'Villalba', 1, 16, '2019-03-29 00:31:03', '2019-03-29 00:31:03'),
(281, 'Díaz', 1, 16, '2019-03-29 00:31:03', '2019-03-29 00:31:03'),
(282, 'Agua Blanca', 1, 17, '2019-03-29 00:31:03', '2019-03-29 00:31:03'),
(283, 'Araure', 1, 17, '2019-03-29 00:31:03', '2019-03-29 00:31:03'),
(284, 'Esteller', 1, 17, '2019-03-29 00:31:03', '2019-03-29 00:31:03'),
(285, 'Guanare', 1, 17, '2019-03-29 00:31:03', '2019-03-29 00:31:03'),
(286, 'Guanarito', 1, 17, '2019-03-29 00:31:03', '2019-03-29 00:31:03'),
(287, 'Monseñor José Vicente de Unda', 1, 17, '2019-03-29 00:31:03', '2019-03-29 00:31:03'),
(288, 'Ospino', 1, 17, '2019-03-29 00:31:03', '2019-03-29 00:31:03'),
(289, 'Páez', 1, 17, '2019-03-29 00:31:03', '2019-03-29 00:31:03'),
(290, 'Papelón', 1, 17, '2019-03-29 00:31:03', '2019-03-29 00:31:03'),
(291, 'San Genaro de Boconoíto', 1, 17, '2019-03-29 00:31:03', '2019-03-29 00:31:03'),
(292, 'San Rafael de Onoto', 1, 17, '2019-03-29 00:31:03', '2019-03-29 00:31:03'),
(293, 'Santa Rosalía', 1, 17, '2019-03-29 00:31:03', '2019-03-29 00:31:03'),
(294, 'Sucre', 1, 17, '2019-03-29 00:31:03', '2019-03-29 00:31:03'),
(295, 'Turén', 1, 17, '2019-03-29 00:31:03', '2019-03-29 00:31:03'),
(296, 'Andrés Eloy Blanco', 1, 18, '2019-03-29 00:31:03', '2019-03-29 00:31:03'),
(297, 'Andrés Mata', 1, 18, '2019-03-29 00:31:03', '2019-03-29 00:31:03'),
(298, 'Arismendi', 1, 18, '2019-03-29 00:31:03', '2019-03-29 00:31:03'),
(299, 'Benítez', 1, 18, '2019-03-29 00:31:03', '2019-03-29 00:31:03'),
(300, 'Bermúdez', 1, 18, '2019-03-29 00:31:03', '2019-03-29 00:31:03'),
(301, 'Bolívar', 1, 18, '2019-03-29 00:31:03', '2019-03-29 00:31:03'),
(302, 'Cajigal', 1, 18, '2019-03-29 00:31:03', '2019-03-29 00:31:03'),
(303, 'Cruz Salmerón Acosta', 1, 18, '2019-03-29 00:31:03', '2019-03-29 00:31:03'),
(304, 'Libertador', 1, 18, '2019-03-29 00:31:03', '2019-03-29 00:31:03'),
(305, 'Mariño', 1, 18, '2019-03-29 00:31:03', '2019-03-29 00:31:03'),
(306, 'Mejía', 1, 18, '2019-03-29 00:31:03', '2019-03-29 00:31:03'),
(307, 'Montes', 1, 18, '2019-03-29 00:31:03', '2019-03-29 00:31:03'),
(308, 'Ribero', 1, 18, '2019-03-29 00:31:03', '2019-03-29 00:31:03'),
(309, 'Sucre', 1, 18, '2019-03-29 00:31:03', '2019-03-29 00:31:03'),
(310, 'Valdéz', 1, 18, '2019-03-29 00:31:03', '2019-03-29 00:31:03'),
(341, 'Andrés Bello', 1, 19, '2019-03-29 00:31:03', '2019-03-29 00:31:03'),
(342, 'Antonio Rómulo Costa', 1, 19, '2019-03-29 00:31:03', '2019-03-29 00:31:03'),
(343, 'Ayacucho', 1, 19, '2019-03-29 00:31:03', '2019-03-29 00:31:03'),
(344, 'Bolívar', 1, 19, '2019-03-29 00:31:03', '2019-03-29 00:31:03'),
(345, 'Cárdenas', 1, 19, '2019-03-29 00:31:03', '2019-03-29 00:31:03'),
(346, 'Córdoba', 1, 19, '2019-03-29 00:31:03', '2019-03-29 00:31:03'),
(347, 'Fernández Feo', 1, 19, '2019-03-29 00:31:03', '2019-03-29 00:31:03'),
(348, 'Francisco de Miranda', 1, 19, '2019-03-29 00:31:03', '2019-03-29 00:31:03'),
(349, 'García de Hevia', 1, 19, '2019-03-29 00:31:03', '2019-03-29 00:31:03'),
(350, 'Guásimos', 1, 19, '2019-03-29 00:31:03', '2019-03-29 00:31:03'),
(351, 'Independencia', 1, 19, '2019-03-29 00:31:03', '2019-03-29 00:31:03'),
(352, 'Jáuregui', 1, 19, '2019-03-29 00:31:03', '2019-03-29 00:31:03'),
(353, 'José María Vargas', 1, 19, '2019-03-29 00:31:03', '2019-03-29 00:31:03'),
(354, 'Junín', 1, 19, '2019-03-29 00:31:03', '2019-03-29 00:31:03'),
(355, 'Libertad', 1, 19, '2019-03-29 00:31:03', '2019-03-29 00:31:03'),
(356, 'Libertador', 1, 19, '2019-03-29 00:31:03', '2019-03-29 00:31:03'),
(357, 'Lobatera', 1, 19, '2019-03-29 00:31:03', '2019-03-29 00:31:03'),
(358, 'Michelena', 1, 19, '2019-03-29 00:31:03', '2019-03-29 00:31:03'),
(359, 'Panamericano', 1, 19, '2019-03-29 00:31:03', '2019-03-29 00:31:03'),
(360, 'Pedro María Ureña', 1, 19, '2019-03-29 00:31:03', '2019-03-29 00:31:03'),
(361, 'Rafael Urdaneta', 1, 19, '2019-03-29 00:31:03', '2019-03-29 00:31:03'),
(362, 'Samuel Darío Maldonado', 1, 19, '2019-03-29 00:31:03', '2019-03-29 00:31:03'),
(363, 'San Cristóbal', 1, 19, '2019-03-29 00:31:03', '2019-03-29 00:31:03'),
(364, 'Seboruco', 1, 19, '2019-03-29 00:31:03', '2019-03-29 00:31:03'),
(365, 'Simón Rodríguez', 1, 19, '2019-03-29 00:31:03', '2019-03-29 00:31:03'),
(366, 'Sucre', 1, 19, '2019-03-29 00:31:03', '2019-03-29 00:31:03'),
(367, 'Torbes', 1, 19, '2019-03-29 00:31:03', '2019-03-29 00:31:03'),
(368, 'Uribante', 1, 19, '2019-03-29 00:31:03', '2019-03-29 00:31:03'),
(369, 'San Judas Tadeo', 1, 19, '2019-03-29 00:31:03', '2019-03-29 00:31:03'),
(370, 'Andrés Bello', 1, 20, '2019-03-29 00:31:03', '2019-03-29 00:31:03'),
(371, 'Boconó', 1, 20, '2019-03-29 00:31:03', '2019-03-29 00:31:03'),
(372, 'Bolívar', 1, 20, '2019-03-29 00:31:03', '2019-03-29 00:31:03'),
(373, 'Candelaria', 1, 20, '2019-03-29 00:31:03', '2019-03-29 00:31:03'),
(374, 'Carache', 1, 20, '2019-03-29 00:31:03', '2019-03-29 00:31:03'),
(375, 'Escuque', 1, 20, '2019-03-29 00:31:03', '2019-03-29 00:31:03'),
(376, 'José Felipe Márquez Cañizalez', 1, 20, '2019-03-29 00:31:03', '2019-03-29 00:31:03'),
(377, 'Juan Vicente Campos Elías', 1, 20, '2019-03-29 00:31:03', '2019-03-29 00:31:03'),
(378, 'La Ceiba', 1, 20, '2019-03-29 00:31:03', '2019-03-29 00:31:03'),
(379, 'Miranda', 1, 20, '2019-03-29 00:31:03', '2019-03-29 00:31:03'),
(380, 'Monte Carmelo', 1, 20, '2019-03-29 00:31:03', '2019-03-29 00:31:03'),
(381, 'Motatán', 1, 20, '2019-03-29 00:31:03', '2019-03-29 00:31:03'),
(382, 'Pampán', 1, 20, '2019-03-29 00:31:03', '2019-03-29 00:31:03'),
(383, 'Pampanito', 1, 20, '2019-03-29 00:31:03', '2019-03-29 00:31:03'),
(384, 'Rafael Rangel', 1, 20, '2019-03-29 00:31:03', '2019-03-29 00:31:03'),
(385, 'San Rafael de Carvajal', 1, 20, '2019-03-29 00:31:03', '2019-03-29 00:31:03'),
(386, 'Sucre', 1, 20, '2019-03-29 00:31:03', '2019-03-29 00:31:03'),
(387, 'Trujillo', 1, 20, '2019-03-29 00:31:03', '2019-03-29 00:31:03'),
(388, 'Urdaneta', 1, 20, '2019-03-29 00:31:03', '2019-03-29 00:31:03'),
(389, 'Valera', 1, 20, '2019-03-29 00:31:03', '2019-03-29 00:31:03'),
(390, 'Vargas', 1, 21, '2019-03-29 00:31:03', '2019-03-29 00:31:03'),
(391, 'Arístides Bastidas', 1, 22, '2019-03-29 00:31:03', '2019-03-29 00:31:03'),
(392, 'Bolívar', 1, 22, '2019-03-29 00:31:03', '2019-03-29 00:31:03'),
(407, 'Bruzual', 1, 22, '2019-03-29 00:31:03', '2019-03-29 00:31:03'),
(408, 'Cocorote', 1, 22, '2019-03-29 00:31:03', '2019-03-29 00:31:03'),
(409, 'Independencia', 1, 22, '2019-03-29 00:31:03', '2019-03-29 00:31:03'),
(410, 'José Antonio Páez', 1, 22, '2019-03-29 00:31:03', '2019-03-29 00:31:03'),
(411, 'La Trinidad', 1, 22, '2019-03-29 00:31:03', '2019-03-29 00:31:03'),
(412, 'Manuel Monge', 1, 22, '2019-03-29 00:31:03', '2019-03-29 00:31:03'),
(413, 'Nirgua', 1, 22, '2019-03-29 00:31:03', '2019-03-29 00:31:03'),
(414, 'Peña', 1, 22, '2019-03-29 00:31:03', '2019-03-29 00:31:03'),
(415, 'San Felipe', 1, 22, '2019-03-29 00:31:03', '2019-03-29 00:31:03'),
(416, 'Sucre', 1, 22, '2019-03-29 00:31:03', '2019-03-29 00:31:03'),
(417, 'Urachiche', 1, 22, '2019-03-29 00:31:03', '2019-03-29 00:31:03'),
(418, 'José Joaquín Veroes', 1, 22, '2019-03-29 00:31:03', '2019-03-29 00:31:03'),
(441, 'Almirante Padilla', 1, 23, '2019-03-29 00:31:03', '2019-03-29 00:31:03'),
(442, 'Baralt', 1, 23, '2019-03-29 00:31:03', '2019-03-29 00:31:03'),
(443, 'Cabimas', 1, 23, '2019-03-29 00:31:03', '2019-03-29 00:31:03'),
(444, 'Catatumbo', 1, 23, '2019-03-29 00:31:03', '2019-03-29 00:31:03'),
(445, 'Colón', 1, 23, '2019-03-29 00:31:03', '2019-03-29 00:31:03'),
(446, 'Francisco Javier Pulgar', 1, 23, '2019-03-29 00:31:03', '2019-03-29 00:31:03'),
(447, 'Páez', 1, 23, '2019-03-29 00:31:03', '2019-03-29 00:31:03'),
(448, 'Jesús Enrique Losada', 1, 23, '2019-03-29 00:31:03', '2019-03-29 00:31:03'),
(449, 'Jesús María Semprún', 1, 23, '2019-03-29 00:31:03', '2019-03-29 00:31:03'),
(450, 'La Cañada de Urdaneta', 1, 23, '2019-03-29 00:31:03', '2019-03-29 00:31:03'),
(451, 'Lagunillas', 1, 23, '2019-03-29 00:31:03', '2019-03-29 00:31:03'),
(452, 'Machiques de Perijá', 1, 23, '2019-03-29 00:31:03', '2019-03-29 00:31:03'),
(453, 'Mara', 1, 23, '2019-03-29 00:31:03', '2019-03-29 00:31:03'),
(454, 'Maracaibo', 1, 23, '2019-03-29 00:31:03', '2019-03-29 00:31:03'),
(455, 'Miranda', 1, 23, '2019-03-29 00:31:03', '2019-03-29 00:31:03'),
(456, 'Rosario de Perijá', 1, 23, '2019-03-29 00:31:03', '2019-03-29 00:31:03'),
(457, 'San Francisco', 1, 23, '2019-03-29 00:31:03', '2019-03-29 00:31:03'),
(458, 'Santa Rita', 1, 23, '2019-03-29 00:31:03', '2019-03-29 00:31:03'),
(459, 'Simón Bolívar', 1, 23, '2019-03-29 00:31:03', '2019-03-29 00:31:03'),
(460, 'Sucre', 1, 23, '2019-03-29 00:31:03', '2019-03-29 00:31:03'),
(461, 'Valmore Rodríguez', 1, 23, '2019-03-29 00:31:03', '2019-03-29 00:31:03'),
(462, 'Libertador', 1, 24, '2019-03-29 00:31:03', '2019-03-29 00:31:03');

-- --------------------------------------------------------

--
-- Estructura de tabla para la tabla `parroquias`
--

CREATE TABLE `parroquias` (
  `id` int(11) NOT NULL,
  `parroquia` varchar(255) DEFAULT NULL,
  `municipio_id` int(11) DEFAULT NULL,
  `createdAt` datetime NOT NULL,
  `updatedAt` datetime NOT NULL
) ENGINE=InnoDB DEFAULT CHARSET=latin1;

--
-- Volcado de datos para la tabla `parroquias`
--

INSERT INTO `parroquias` (`id`, `parroquia`, `municipio_id`, `createdAt`, `updatedAt`) VALUES
(1, 'Alto Orinoco', 1, '2019-03-29 00:31:03', '2019-03-29 00:31:03'),
(2, 'Huachamacare Acanaña', 1, '2019-03-29 00:31:03', '2019-03-29 00:31:03'),
(3, 'Marawaka Toky Shamanaña', 1, '2019-03-29 00:31:03', '2019-03-29 00:31:03'),
(4, 'Mavaka Mavaka', 1, '2019-03-29 00:31:03', '2019-03-29 00:31:03'),
(5, 'Sierra Parima Parimabé', 1, '2019-03-29 00:31:03', '2019-03-29 00:31:03'),
(6, 'Ucata Laja Lisa', 2, '2019-03-29 00:31:03', '2019-03-29 00:31:03'),
(7, 'Yapacana Macuruco', 2, '2019-03-29 00:31:03', '2019-03-29 00:31:03'),
(8, 'Caname Guarinuma', 2, '2019-03-29 00:31:03', '2019-03-29 00:31:03'),
(9, 'Fernando Girón Tovar', 3, '2019-03-29 00:31:03', '2019-03-29 00:31:03'),
(10, 'Luis Alberto Gómez', 3, '2019-03-29 00:31:03', '2019-03-29 00:31:03'),
(11, 'Pahueña Limón de Parhueña', 3, '2019-03-29 00:31:03', '2019-03-29 00:31:03'),
(12, 'Platanillal Platanillal', 3, '2019-03-29 00:31:03', '2019-03-29 00:31:03'),
(13, 'Samariapo', 4, '2019-03-29 00:31:03', '2019-03-29 00:31:03'),
(14, 'Sipapo', 4, '2019-03-29 00:31:03', '2019-03-29 00:31:03'),
(15, 'Munduapo', 4, '2019-03-29 00:31:03', '2019-03-29 00:31:03'),
(16, 'Guayapo', 4, '2019-03-29 00:31:03', '2019-03-29 00:31:03'),
(17, 'Alto Ventuari', 5, '2019-03-29 00:31:03', '2019-03-29 00:31:03'),
(18, 'Medio Ventuari', 5, '2019-03-29 00:31:03', '2019-03-29 00:31:03'),
(19, 'Bajo Ventuari', 5, '2019-03-29 00:31:03', '2019-03-29 00:31:03'),
(20, 'Victorino', 6, '2019-03-29 00:31:03', '2019-03-29 00:31:03'),
(21, 'Comunidad', 6, '2019-03-29 00:31:03', '2019-03-29 00:31:03'),
(22, 'Casiquiare', 7, '2019-03-29 00:31:03', '2019-03-29 00:31:03'),
(23, 'Cocuy', 7, '2019-03-29 00:31:03', '2019-03-29 00:31:03'),
(24, 'San Carlos de Río Negro', 7, '2019-03-29 00:31:03', '2019-03-29 00:31:03'),
(25, 'Solano', 7, '2019-03-29 00:31:03', '2019-03-29 00:31:03'),
(26, 'Anaco', 8, '2019-03-29 00:31:03', '2019-03-29 00:31:03'),
(27, 'San Joaquín', 8, '2019-03-29 00:31:03', '2019-03-29 00:31:03'),
(28, 'Cachipo', 9, '2019-03-29 00:31:03', '2019-03-29 00:31:03'),
(29, 'Aragua de Barcelona', 9, '2019-03-29 00:31:03', '2019-03-29 00:31:03'),
(30, 'Lechería', 11, '2019-03-29 00:31:03', '2019-03-29 00:31:03'),
(31, 'El Morro', 11, '2019-03-29 00:31:03', '2019-03-29 00:31:03'),
(32, 'Puerto Píritu', 12, '2019-03-29 00:31:03', '2019-03-29 00:31:03'),
(33, 'San Miguel', 12, '2019-03-29 00:31:03', '2019-03-29 00:31:03'),
(34, 'Sucre', 12, '2019-03-29 00:31:03', '2019-03-29 00:31:03'),
(35, 'Valle de Guanape', 13, '2019-03-29 00:31:03', '2019-03-29 00:31:03'),
(36, 'Santa Bárbara', 13, '2019-03-29 00:31:03', '2019-03-29 00:31:03'),
(37, 'El Chaparro', 14, '2019-03-29 00:31:03', '2019-03-29 00:31:03'),
(38, 'Tomás Alfaro', 14, '2019-03-29 00:31:03', '2019-03-29 00:31:03'),
(39, 'Calatrava', 14, '2019-03-29 00:31:03', '2019-03-29 00:31:03'),
(40, 'Guanta', 15, '2019-03-29 00:31:03', '2019-03-29 00:31:03'),
(41, 'Chorrerón', 15, '2019-03-29 00:31:03', '2019-03-29 00:31:03'),
(42, 'Mamo', 16, '2019-03-29 00:31:03', '2019-03-29 00:31:03'),
(43, 'Soledad', 16, '2019-03-29 00:31:03', '2019-03-29 00:31:03'),
(44, 'Mapire', 17, '2019-03-29 00:31:03', '2019-03-29 00:31:03'),
(45, 'Piar', 17, '2019-03-29 00:31:03', '2019-03-29 00:31:03'),
(46, 'Santa Clara', 17, '2019-03-29 00:31:03', '2019-03-29 00:31:03'),
(47, 'San Diego de Cabrutica', 17, '2019-03-29 00:31:03', '2019-03-29 00:31:03'),
(48, 'Uverito', 17, '2019-03-29 00:31:03', '2019-03-29 00:31:03'),
(49, 'Zuata', 17, '2019-03-29 00:31:03', '2019-03-29 00:31:03'),
(50, 'Puerto La Cruz', 18, '2019-03-29 00:31:03', '2019-03-29 00:31:03'),
(51, 'Pozuelos', 18, '2019-03-29 00:31:03', '2019-03-29 00:31:03'),
(52, 'Onoto', 19, '2019-03-29 00:31:03', '2019-03-29 00:31:03'),
(53, 'San Pablo', 19, '2019-03-29 00:31:03', '2019-03-29 00:31:03'),
(54, 'San Mateo', 20, '2019-03-29 00:31:03', '2019-03-29 00:31:03'),
(55, 'El Carito', 20, '2019-03-29 00:31:03', '2019-03-29 00:31:03'),
(56, 'Santa Inés', 20, '2019-03-29 00:31:03', '2019-03-29 00:31:03'),
(57, 'La Romereña', 20, '2019-03-29 00:31:03', '2019-03-29 00:31:03'),
(58, 'Atapirire', 21, '2019-03-29 00:31:03', '2019-03-29 00:31:03'),
(59, 'Boca del Pao', 21, '2019-03-29 00:31:03', '2019-03-29 00:31:03'),
(60, 'El Pao', 21, '2019-03-29 00:31:03', '2019-03-29 00:31:03'),
(61, 'Pariaguán', 21, '2019-03-29 00:31:03', '2019-03-29 00:31:03'),
(62, 'Cantaura', 22, '2019-03-29 00:31:03', '2019-03-29 00:31:03'),
(63, 'Libertador', 22, '2019-03-29 00:31:03', '2019-03-29 00:31:03'),
(64, 'Santa Rosa', 22, '2019-03-29 00:31:03', '2019-03-29 00:31:03'),
(65, 'Urica', 22, '2019-03-29 00:31:03', '2019-03-29 00:31:03'),
(66, 'Píritu', 23, '2019-03-29 00:31:03', '2019-03-29 00:31:03'),
(67, 'San Francisco', 23, '2019-03-29 00:31:03', '2019-03-29 00:31:03'),
(68, 'San José de Guanipa', 24, '2019-03-29 00:31:03', '2019-03-29 00:31:03'),
(69, 'Boca de Uchire', 25, '2019-03-29 00:31:03', '2019-03-29 00:31:03'),
(70, 'Boca de Chávez', 25, '2019-03-29 00:31:03', '2019-03-29 00:31:03'),
(71, 'Pueblo Nuevo', 26, '2019-03-29 00:31:03', '2019-03-29 00:31:03'),
(72, 'Santa Ana', 26, '2019-03-29 00:31:03', '2019-03-29 00:31:03'),
(73, 'Bergantín', 27, '2019-03-29 00:31:03', '2019-03-29 00:31:03'),
(74, 'Caigua', 27, '2019-03-29 00:31:03', '2019-03-29 00:31:03'),
(75, 'El Carmen', 27, '2019-03-29 00:31:03', '2019-03-29 00:31:03'),
(76, 'El Pilar', 27, '2019-03-29 00:31:03', '2019-03-29 00:31:03'),
(77, 'Naricual', 27, '2019-03-29 00:31:03', '2019-03-29 00:31:03'),
(78, 'San Crsitóbal', 27, '2019-03-29 00:31:03', '2019-03-29 00:31:03'),
(79, 'Edmundo Barrios', 28, '2019-03-29 00:31:03', '2019-03-29 00:31:03'),
(80, 'Miguel Otero Silva', 28, '2019-03-29 00:31:03', '2019-03-29 00:31:03'),
(81, 'Achaguas', 29, '2019-03-29 00:31:03', '2019-03-29 00:31:03'),
(82, 'Apurito', 29, '2019-03-29 00:31:03', '2019-03-29 00:31:03'),
(83, 'El Yagual', 29, '2019-03-29 00:31:03', '2019-03-29 00:31:03'),
(84, 'Guachara', 29, '2019-03-29 00:31:03', '2019-03-29 00:31:03'),
(85, 'Mucuritas', 29, '2019-03-29 00:31:03', '2019-03-29 00:31:03'),
(86, 'Queseras del medio', 29, '2019-03-29 00:31:03', '2019-03-29 00:31:03'),
(87, 'Biruaca', 30, '2019-03-29 00:31:03', '2019-03-29 00:31:03'),
(88, 'Bruzual', 31, '2019-03-29 00:31:03', '2019-03-29 00:31:03'),
(89, 'Mantecal', 31, '2019-03-29 00:31:03', '2019-03-29 00:31:03'),
(90, 'Quintero', 31, '2019-03-29 00:31:03', '2019-03-29 00:31:03'),
(91, 'Rincón Hondo', 31, '2019-03-29 00:31:03', '2019-03-29 00:31:03'),
(92, 'San Vicente', 31, '2019-03-29 00:31:03', '2019-03-29 00:31:03'),
(93, 'Guasdualito', 32, '2019-03-29 00:31:03', '2019-03-29 00:31:03'),
(94, 'Aramendi', 32, '2019-03-29 00:31:03', '2019-03-29 00:31:03'),
(95, 'El Amparo', 32, '2019-03-29 00:31:03', '2019-03-29 00:31:03'),
(96, 'San Camilo', 32, '2019-03-29 00:31:03', '2019-03-29 00:31:03'),
(97, 'Urdaneta', 32, '2019-03-29 00:31:03', '2019-03-29 00:31:03'),
(98, 'San Juan de Payara', 33, '2019-03-29 00:31:03', '2019-03-29 00:31:03'),
(99, 'Codazzi', 33, '2019-03-29 00:31:03', '2019-03-29 00:31:03'),
(100, 'Cunaviche', 33, '2019-03-29 00:31:03', '2019-03-29 00:31:03'),
(101, 'Elorza', 34, '2019-03-29 00:31:03', '2019-03-29 00:31:03'),
(102, 'La Trinidad', 34, '2019-03-29 00:31:03', '2019-03-29 00:31:03'),
(103, 'San Fernando', 35, '2019-03-29 00:31:03', '2019-03-29 00:31:03'),
(104, 'El Recreo', 35, '2019-03-29 00:31:03', '2019-03-29 00:31:03'),
(105, 'Peñalver', 35, '2019-03-29 00:31:03', '2019-03-29 00:31:03'),
(106, 'San Rafael de Atamaica', 35, '2019-03-29 00:31:03', '2019-03-29 00:31:03'),
(107, 'Pedro José Ovalles', 36, '2019-03-29 00:31:03', '2019-03-29 00:31:03'),
(108, 'Joaquín Crespo', 36, '2019-03-29 00:31:03', '2019-03-29 00:31:03'),
(109, 'José Casanova Godoy', 36, '2019-03-29 00:31:03', '2019-03-29 00:31:03'),
(110, 'Madre María de San José', 36, '2019-03-29 00:31:03', '2019-03-29 00:31:03'),
(111, 'Andrés Eloy Blanco', 36, '2019-03-29 00:31:03', '2019-03-29 00:31:03'),
(112, 'Los Tacarigua', 36, '2019-03-29 00:31:03', '2019-03-29 00:31:03'),
(113, 'Las Delicias', 36, '2019-03-29 00:31:03', '2019-03-29 00:31:03'),
(114, 'Choroní', 36, '2019-03-29 00:31:03', '2019-03-29 00:31:03'),
(115, 'Bolívar', 37, '2019-03-29 00:31:03', '2019-03-29 00:31:03'),
(116, 'Camatagua', 38, '2019-03-29 00:31:03', '2019-03-29 00:31:03'),
(117, 'Carmen de Cura', 38, '2019-03-29 00:31:03', '2019-03-29 00:31:03'),
(118, 'Santa Rita', 39, '2019-03-29 00:31:03', '2019-03-29 00:31:03'),
(119, 'Francisco de Miranda', 39, '2019-03-29 00:31:03', '2019-03-29 00:31:03'),
(120, 'Moseñor Feliciano González', 39, '2019-03-29 00:31:03', '2019-03-29 00:31:03'),
(121, 'Santa Cruz', 40, '2019-03-29 00:31:03', '2019-03-29 00:31:03'),
(122, 'José Félix Ribas', 41, '2019-03-29 00:31:03', '2019-03-29 00:31:03'),
(123, 'Castor Nieves Ríos', 41, '2019-03-29 00:31:03', '2019-03-29 00:31:03'),
(124, 'Las Guacamayas', 41, '2019-03-29 00:31:03', '2019-03-29 00:31:03'),
(125, 'Pao de Zárate', 41, '2019-03-29 00:31:03', '2019-03-29 00:31:03'),
(126, 'Zuata', 41, '2019-03-29 00:31:03', '2019-03-29 00:31:03'),
(127, 'José Rafael Revenga', 42, '2019-03-29 00:31:03', '2019-03-29 00:31:03'),
(128, 'Palo Negro', 43, '2019-03-29 00:31:03', '2019-03-29 00:31:03'),
(129, 'San Martín de Porres', 43, '2019-03-29 00:31:03', '2019-03-29 00:31:03'),
(130, 'El Limón', 44, '2019-03-29 00:31:03', '2019-03-29 00:31:03'),
(131, 'Caña de Azúcar', 44, '2019-03-29 00:31:03', '2019-03-29 00:31:03'),
(132, 'Ocumare de la Costa', 45, '2019-03-29 00:31:03', '2019-03-29 00:31:03'),
(133, 'San Casimiro', 46, '2019-03-29 00:31:03', '2019-03-29 00:31:03'),
(134, 'Güiripa', 46, '2019-03-29 00:31:03', '2019-03-29 00:31:03'),
(135, 'Ollas de Caramacate', 46, '2019-03-29 00:31:03', '2019-03-29 00:31:03'),
(136, 'Valle Morín', 46, '2019-03-29 00:31:03', '2019-03-29 00:31:03'),
(137, 'San Sebastían', 47, '2019-03-29 00:31:03', '2019-03-29 00:31:03'),
(138, 'Turmero', 48, '2019-03-29 00:31:03', '2019-03-29 00:31:03'),
(139, 'Arevalo Aponte', 48, '2019-03-29 00:31:03', '2019-03-29 00:31:03'),
(140, 'Chuao', 48, '2019-03-29 00:31:03', '2019-03-29 00:31:03'),
(141, 'Samán de Güere', 48, '2019-03-29 00:31:03', '2019-03-29 00:31:03'),
(142, 'Alfredo Pacheco Miranda', 48, '2019-03-29 00:31:03', '2019-03-29 00:31:03'),
(143, 'Santos Michelena', 49, '2019-03-29 00:31:03', '2019-03-29 00:31:03'),
(144, 'Tiara', 49, '2019-03-29 00:31:03', '2019-03-29 00:31:03'),
(145, 'Cagua', 50, '2019-03-29 00:31:03', '2019-03-29 00:31:03'),
(146, 'Bella Vista', 50, '2019-03-29 00:31:03', '2019-03-29 00:31:03'),
(147, 'Tovar', 51, '2019-03-29 00:31:03', '2019-03-29 00:31:03'),
(148, 'Urdaneta', 52, '2019-03-29 00:31:03', '2019-03-29 00:31:03'),
(149, 'Las Peñitas', 52, '2019-03-29 00:31:03', '2019-03-29 00:31:03'),
(150, 'San Francisco de Cara', 52, '2019-03-29 00:31:03', '2019-03-29 00:31:03'),
(151, 'Taguay', 52, '2019-03-29 00:31:03', '2019-03-29 00:31:03'),
(152, 'Zamora', 53, '2019-03-29 00:31:03', '2019-03-29 00:31:03'),
(153, 'Magdaleno', 53, '2019-03-29 00:31:03', '2019-03-29 00:31:03'),
(154, 'San Francisco de Asís', 53, '2019-03-29 00:31:03', '2019-03-29 00:31:03'),
(155, 'Valles de Tucutunemo', 53, '2019-03-29 00:31:03', '2019-03-29 00:31:03'),
(156, 'Augusto Mijares', 53, '2019-03-29 00:31:03', '2019-03-29 00:31:03'),
(157, 'Sabaneta', 54, '2019-03-29 00:31:03', '2019-03-29 00:31:03'),
(158, 'Juan Antonio Rodríguez Domínguez', 54, '2019-03-29 00:31:03', '2019-03-29 00:31:03'),
(159, 'El Cantón', 55, '2019-03-29 00:31:03', '2019-03-29 00:31:03'),
(160, 'Santa Cruz de Guacas', 55, '2019-03-29 00:31:03', '2019-03-29 00:31:03'),
(161, 'Puerto Vivas', 55, '2019-03-29 00:31:03', '2019-03-29 00:31:03'),
(162, 'Ticoporo', 56, '2019-03-29 00:31:03', '2019-03-29 00:31:03'),
(163, 'Nicolás Pulido', 56, '2019-03-29 00:31:03', '2019-03-29 00:31:03'),
(164, 'Andrés Bello', 56, '2019-03-29 00:31:03', '2019-03-29 00:31:03'),
(165, 'Arismendi', 57, '2019-03-29 00:31:03', '2019-03-29 00:31:03'),
(166, 'Guadarrama', 57, '2019-03-29 00:31:03', '2019-03-29 00:31:03'),
(167, 'La Unión', 57, '2019-03-29 00:31:03', '2019-03-29 00:31:03'),
(168, 'San Antonio', 57, '2019-03-29 00:31:03', '2019-03-29 00:31:03'),
(169, 'Barinas', 58, '2019-03-29 00:31:03', '2019-03-29 00:31:03'),
(170, 'Alberto Arvelo Larriva', 58, '2019-03-29 00:31:03', '2019-03-29 00:31:03'),
(171, 'San Silvestre', 58, '2019-03-29 00:31:03', '2019-03-29 00:31:03'),
(172, 'Santa Inés', 58, '2019-03-29 00:31:03', '2019-03-29 00:31:03'),
(173, 'Santa Lucía', 58, '2019-03-29 00:31:03', '2019-03-29 00:31:03'),
(174, 'Torumos', 58, '2019-03-29 00:31:03', '2019-03-29 00:31:03'),
(175, 'El Carmen', 58, '2019-03-29 00:31:03', '2019-03-29 00:31:03'),
(176, 'Rómulo Betancourt', 58, '2019-03-29 00:31:03', '2019-03-29 00:31:03'),
(177, 'Corazón de Jesús', 58, '2019-03-29 00:31:03', '2019-03-29 00:31:03'),
(178, 'Ramón Ignacio Méndez', 58, '2019-03-29 00:31:03', '2019-03-29 00:31:03'),
(179, 'Alto Barinas', 58, '2019-03-29 00:31:03', '2019-03-29 00:31:03'),
(180, 'Manuel Palacio Fajardo', 58, '2019-03-29 00:31:03', '2019-03-29 00:31:03'),
(181, 'Juan Antonio Rodríguez Domínguez', 58, '2019-03-29 00:31:03', '2019-03-29 00:31:03'),
(182, 'Dominga Ortiz de Páez', 58, '2019-03-29 00:31:03', '2019-03-29 00:31:03'),
(183, 'Barinitas', 59, '2019-03-29 00:31:03', '2019-03-29 00:31:03'),
(184, 'Altamira de Cáceres', 59, '2019-03-29 00:31:03', '2019-03-29 00:31:03'),
(185, 'Calderas', 59, '2019-03-29 00:31:03', '2019-03-29 00:31:03'),
(186, 'Barrancas', 60, '2019-03-29 00:31:03', '2019-03-29 00:31:03'),
(187, 'El Socorro', 60, '2019-03-29 00:31:03', '2019-03-29 00:31:03'),
(188, 'Mazparrito', 60, '2019-03-29 00:31:03', '2019-03-29 00:31:03'),
(189, 'Santa Bárbara', 61, '2019-03-29 00:31:03', '2019-03-29 00:31:03'),
(190, 'Pedro Briceño Méndez', 61, '2019-03-29 00:31:03', '2019-03-29 00:31:03'),
(191, 'Ramón Ignacio Méndez', 61, '2019-03-29 00:31:03', '2019-03-29 00:31:03'),
(192, 'José Ignacio del Pumar', 61, '2019-03-29 00:31:03', '2019-03-29 00:31:03'),
(193, 'Obispos', 62, '2019-03-29 00:31:03', '2019-03-29 00:31:03'),
(194, 'Guasimitos', 62, '2019-03-29 00:31:03', '2019-03-29 00:31:03'),
(195, 'El Real', 62, '2019-03-29 00:31:03', '2019-03-29 00:31:03'),
(196, 'La Luz', 62, '2019-03-29 00:31:03', '2019-03-29 00:31:03'),
(197, 'Ciudad Bolívia', 63, '2019-03-29 00:31:03', '2019-03-29 00:31:03'),
(198, 'José Ignacio Briceño', 63, '2019-03-29 00:31:03', '2019-03-29 00:31:03'),
(199, 'José Félix Ribas', 63, '2019-03-29 00:31:03', '2019-03-29 00:31:03'),
(200, 'Páez', 63, '2019-03-29 00:31:03', '2019-03-29 00:31:03'),
(201, 'Libertad', 64, '2019-03-29 00:31:03', '2019-03-29 00:31:03'),
(202, 'Dolores', 64, '2019-03-29 00:31:03', '2019-03-29 00:31:03'),
(203, 'Santa Rosa', 64, '2019-03-29 00:31:03', '2019-03-29 00:31:03'),
(204, 'Palacio Fajardo', 64, '2019-03-29 00:31:03', '2019-03-29 00:31:03'),
(205, 'Ciudad de Nutrias', 65, '2019-03-29 00:31:03', '2019-03-29 00:31:03'),
(206, 'El Regalo', 65, '2019-03-29 00:31:03', '2019-03-29 00:31:03'),
(207, 'Puerto Nutrias', 65, '2019-03-29 00:31:03', '2019-03-29 00:31:03'),
(208, 'Santa Catalina', 65, '2019-03-29 00:31:03', '2019-03-29 00:31:03'),
(209, 'Cachamay', 66, '2019-03-29 00:31:03', '2019-03-29 00:31:03'),
(210, 'Chirica', 66, '2019-03-29 00:31:03', '2019-03-29 00:31:03'),
(211, 'Dalla Costa', 66, '2019-03-29 00:31:03', '2019-03-29 00:31:03'),
(212, 'Once de Abril', 66, '2019-03-29 00:31:03', '2019-03-29 00:31:03'),
(213, 'Simón Bolívar', 66, '2019-03-29 00:31:03', '2019-03-29 00:31:03'),
(214, 'Unare', 66, '2019-03-29 00:31:03', '2019-03-29 00:31:03'),
(215, 'Universidad', 66, '2019-03-29 00:31:03', '2019-03-29 00:31:03'),
(216, 'Vista al Sol', 66, '2019-03-29 00:31:03', '2019-03-29 00:31:03'),
(217, 'Pozo Verde', 66, '2019-03-29 00:31:03', '2019-03-29 00:31:03'),
(218, 'Yocoima', 66, '2019-03-29 00:31:03', '2019-03-29 00:31:03'),
(219, '5 de Julio', 66, '2019-03-29 00:31:03', '2019-03-29 00:31:03'),
(220, 'Cedeño', 67, '2019-03-29 00:31:03', '2019-03-29 00:31:03'),
(221, 'Altagracia', 67, '2019-03-29 00:31:03', '2019-03-29 00:31:03'),
(222, 'Ascensión Farreras', 67, '2019-03-29 00:31:03', '2019-03-29 00:31:03'),
(223, 'Guaniamo', 67, '2019-03-29 00:31:03', '2019-03-29 00:31:03'),
(224, 'La Urbana', 67, '2019-03-29 00:31:03', '2019-03-29 00:31:03'),
(225, 'Pijiguaos', 67, '2019-03-29 00:31:03', '2019-03-29 00:31:03'),
(226, 'El Callao', 68, '2019-03-29 00:31:03', '2019-03-29 00:31:03'),
(227, 'Gran Sabana', 69, '2019-03-29 00:31:03', '2019-03-29 00:31:03'),
(228, 'Ikabarú', 69, '2019-03-29 00:31:03', '2019-03-29 00:31:03'),
(229, 'Catedral', 70, '2019-03-29 00:31:03', '2019-03-29 00:31:03'),
(230, 'Zea', 70, '2019-03-29 00:31:03', '2019-03-29 00:31:03'),
(231, 'Orinoco', 70, '2019-03-29 00:31:03', '2019-03-29 00:31:03'),
(232, 'José Antonio Páez', 70, '2019-03-29 00:31:03', '2019-03-29 00:31:03'),
(233, 'Marhuanta', 70, '2019-03-29 00:31:03', '2019-03-29 00:31:03'),
(234, 'Agua Salada', 70, '2019-03-29 00:31:03', '2019-03-29 00:31:03'),
(235, 'Vista Hermosa', 70, '2019-03-29 00:31:03', '2019-03-29 00:31:03'),
(236, 'La Sabanita', 70, '2019-03-29 00:31:03', '2019-03-29 00:31:03'),
(237, 'Panapana', 70, '2019-03-29 00:31:03', '2019-03-29 00:31:03'),
(238, 'Andrés Eloy Blanco', 71, '2019-03-29 00:31:03', '2019-03-29 00:31:03'),
(239, 'Pedro Cova', 71, '2019-03-29 00:31:03', '2019-03-29 00:31:03'),
(240, 'Raúl Leoni', 72, '2019-03-29 00:31:03', '2019-03-29 00:31:03'),
(241, 'Barceloneta', 72, '2019-03-29 00:31:03', '2019-03-29 00:31:03'),
(242, 'Santa Bárbara', 72, '2019-03-29 00:31:03', '2019-03-29 00:31:03'),
(243, 'San Francisco', 72, '2019-03-29 00:31:03', '2019-03-29 00:31:03'),
(244, 'Roscio', 73, '2019-03-29 00:31:03', '2019-03-29 00:31:03'),
(245, 'Salóm', 73, '2019-03-29 00:31:03', '2019-03-29 00:31:03'),
(246, 'Sifontes', 74, '2019-03-29 00:31:03', '2019-03-29 00:31:03'),
(247, 'Dalla Costa', 74, '2019-03-29 00:31:03', '2019-03-29 00:31:03'),
(248, 'San Isidro', 74, '2019-03-29 00:31:03', '2019-03-29 00:31:03'),
(249, 'Sucre', 75, '2019-03-29 00:31:03', '2019-03-29 00:31:03'),
(250, 'Aripao', 75, '2019-03-29 00:31:03', '2019-03-29 00:31:03'),
(251, 'Guarataro', 75, '2019-03-29 00:31:03', '2019-03-29 00:31:03'),
(252, 'Las Majadas', 75, '2019-03-29 00:31:03', '2019-03-29 00:31:03'),
(253, 'Moitaco', 75, '2019-03-29 00:31:03', '2019-03-29 00:31:03'),
(254, 'Padre Pedro Chien', 76, '2019-03-29 00:31:03', '2019-03-29 00:31:03'),
(255, 'Río Grande', 76, '2019-03-29 00:31:03', '2019-03-29 00:31:03'),
(256, 'Bejuma', 77, '2019-03-29 00:31:03', '2019-03-29 00:31:03'),
(257, 'Canoabo', 77, '2019-03-29 00:31:03', '2019-03-29 00:31:03'),
(258, 'Simón Bolívar', 77, '2019-03-29 00:31:03', '2019-03-29 00:31:03'),
(259, 'Güigüe', 78, '2019-03-29 00:31:03', '2019-03-29 00:31:03'),
(260, 'Carabobo', 78, '2019-03-29 00:31:03', '2019-03-29 00:31:03'),
(261, 'Tacarigua', 78, '2019-03-29 00:31:03', '2019-03-29 00:31:03'),
(262, 'Mariara', 79, '2019-03-29 00:31:03', '2019-03-29 00:31:03'),
(263, 'Aguas Calientes', 79, '2019-03-29 00:31:03', '2019-03-29 00:31:03'),
(264, 'Ciudad Alianza', 80, '2019-03-29 00:31:03', '2019-03-29 00:31:03'),
(265, 'Guacara', 80, '2019-03-29 00:31:03', '2019-03-29 00:31:03'),
(266, 'Yagua', 80, '2019-03-29 00:31:03', '2019-03-29 00:31:03'),
(267, 'Morón', 81, '2019-03-29 00:31:03', '2019-03-29 00:31:03'),
(268, 'Yagua', 81, '2019-03-29 00:31:03', '2019-03-29 00:31:03'),
(269, 'Tocuyito', 82, '2019-03-29 00:31:03', '2019-03-29 00:31:03'),
(270, 'Independencia', 82, '2019-03-29 00:31:03', '2019-03-29 00:31:03'),
(271, 'Los Guayos', 83, '2019-03-29 00:31:03', '2019-03-29 00:31:03'),
(272, 'Miranda', 84, '2019-03-29 00:31:03', '2019-03-29 00:31:03'),
(273, 'Montalbán', 85, '2019-03-29 00:31:03', '2019-03-29 00:31:03'),
(274, 'Naguanagua', 86, '2019-03-29 00:31:03', '2019-03-29 00:31:03'),
(275, 'Bartolomé Salóm', 87, '2019-03-29 00:31:03', '2019-03-29 00:31:03'),
(276, 'Democracia', 87, '2019-03-29 00:31:03', '2019-03-29 00:31:03'),
(277, 'Fraternidad', 87, '2019-03-29 00:31:03', '2019-03-29 00:31:03'),
(278, 'Goaigoaza', 87, '2019-03-29 00:31:03', '2019-03-29 00:31:03'),
(279, 'Juan José Flores', 87, '2019-03-29 00:31:03', '2019-03-29 00:31:03'),
(280, 'Unión', 87, '2019-03-29 00:31:03', '2019-03-29 00:31:03'),
(281, 'Borburata', 87, '2019-03-29 00:31:03', '2019-03-29 00:31:03'),
(282, 'Patanemo', 87, '2019-03-29 00:31:03', '2019-03-29 00:31:03'),
(283, 'San Diego', 88, '2019-03-29 00:31:03', '2019-03-29 00:31:03'),
(284, 'San Joaquín', 89, '2019-03-29 00:31:03', '2019-03-29 00:31:03'),
(285, 'Candelaria', 90, '2019-03-29 00:31:03', '2019-03-29 00:31:03'),
(286, 'Catedral', 90, '2019-03-29 00:31:03', '2019-03-29 00:31:03'),
(287, 'El Socorro', 90, '2019-03-29 00:31:03', '2019-03-29 00:31:03'),
(288, 'Miguel Peña', 90, '2019-03-29 00:31:03', '2019-03-29 00:31:03'),
(289, 'Rafael Urdaneta', 90, '2019-03-29 00:31:03', '2019-03-29 00:31:03'),
(290, 'San Blas', 90, '2019-03-29 00:31:03', '2019-03-29 00:31:03'),
(291, 'San José', 90, '2019-03-29 00:31:03', '2019-03-29 00:31:03'),
(292, 'Santa Rosa', 90, '2019-03-29 00:31:03', '2019-03-29 00:31:03'),
(293, 'Negro Primero', 90, '2019-03-29 00:31:03', '2019-03-29 00:31:03'),
(294, 'Cojedes', 91, '2019-03-29 00:31:03', '2019-03-29 00:31:03'),
(295, 'Juan de Mata Suárez', 91, '2019-03-29 00:31:03', '2019-03-29 00:31:03'),
(296, 'Tinaquillo', 92, '2019-03-29 00:31:03', '2019-03-29 00:31:03'),
(297, 'El Baúl', 93, '2019-03-29 00:31:03', '2019-03-29 00:31:03'),
(298, 'Sucre', 93, '2019-03-29 00:31:03', '2019-03-29 00:31:03'),
(299, 'La Aguadita', 94, '2019-03-29 00:31:03', '2019-03-29 00:31:03'),
(300, 'Macapo', 94, '2019-03-29 00:31:03', '2019-03-29 00:31:03'),
(301, 'El Pao', 95, '2019-03-29 00:31:03', '2019-03-29 00:31:03'),
(302, 'El Amparo', 96, '2019-03-29 00:31:03', '2019-03-29 00:31:03'),
(303, 'Libertad de Cojedes', 96, '2019-03-29 00:31:03', '2019-03-29 00:31:03'),
(304, 'Rómulo Gallegos', 97, '2019-03-29 00:31:03', '2019-03-29 00:31:03'),
(305, 'San Carlos de Austria', 98, '2019-03-29 00:31:03', '2019-03-29 00:31:03'),
(306, 'Juan Ángel Bravo', 98, '2019-03-29 00:31:03', '2019-03-29 00:31:03'),
(307, 'Manuel Manrique', 98, '2019-03-29 00:31:03', '2019-03-29 00:31:03'),
(308, 'General en Jefe José Laurencio Silva', 99, '2019-03-29 00:31:03', '2019-03-29 00:31:03'),
(309, 'Curiapo', 100, '2019-03-29 00:31:03', '2019-03-29 00:31:03'),
(310, 'Almirante Luis Brión', 100, '2019-03-29 00:31:03', '2019-03-29 00:31:03'),
(311, 'Francisco Aniceto Lugo', 100, '2019-03-29 00:31:03', '2019-03-29 00:31:03'),
(312, 'Manuel Renaud', 100, '2019-03-29 00:31:03', '2019-03-29 00:31:03'),
(313, 'Padre Barral', 100, '2019-03-29 00:31:03', '2019-03-29 00:31:03'),
(314, 'Santos de Abelgas', 100, '2019-03-29 00:31:03', '2019-03-29 00:31:03'),
(315, 'Imataca', 101, '2019-03-29 00:31:03', '2019-03-29 00:31:03'),
(316, 'Cinco de Julio', 101, '2019-03-29 00:31:03', '2019-03-29 00:31:03'),
(317, 'Juan Bautista Arismendi', 101, '2019-03-29 00:31:03', '2019-03-29 00:31:03'),
(318, 'Manuel Piar', 101, '2019-03-29 00:31:03', '2019-03-29 00:31:03'),
(319, 'Rómulo Gallegos', 101, '2019-03-29 00:31:03', '2019-03-29 00:31:03'),
(320, 'Pedernales', 102, '2019-03-29 00:31:03', '2019-03-29 00:31:03'),
(321, 'Luis Beltrán Prieto Figueroa', 102, '2019-03-29 00:31:03', '2019-03-29 00:31:03'),
(322, 'San José (Delta Amacuro)', 103, '2019-03-29 00:31:03', '2019-03-29 00:31:03'),
(323, 'José Vidal Marcano', 103, '2019-03-29 00:31:03', '2019-03-29 00:31:03'),
(324, 'Juan Millán', 103, '2019-03-29 00:31:03', '2019-03-29 00:31:03'),
(325, 'Leonardo Ruíz Pineda', 103, '2019-03-29 00:31:03', '2019-03-29 00:31:03'),
(326, 'Mariscal Antonio José de Sucre', 103, '2019-03-29 00:31:03', '2019-03-29 00:31:03'),
(327, 'Monseñor Argimiro García', 103, '2019-03-29 00:31:03', '2019-03-29 00:31:03'),
(328, 'San Rafael (Delta Amacuro)', 103, '2019-03-29 00:31:03', '2019-03-29 00:31:03'),
(329, 'Virgen del Valle', 103, '2019-03-29 00:31:03', '2019-03-29 00:31:03'),
(330, 'Clarines', 10, '2019-03-29 00:31:03', '2019-03-29 00:31:03'),
(331, 'Guanape', 10, '2019-03-29 00:31:03', '2019-03-29 00:31:03'),
(332, 'Sabana de Uchire', 10, '2019-03-29 00:31:03', '2019-03-29 00:31:03'),
(333, 'Capadare', 104, '2019-03-29 00:31:03', '2019-03-29 00:31:03'),
(334, 'La Pastora', 104, '2019-03-29 00:31:03', '2019-03-29 00:31:03'),
(335, 'Libertador', 104, '2019-03-29 00:31:03', '2019-03-29 00:31:03'),
(336, 'San Juan de los Cayos', 104, '2019-03-29 00:31:03', '2019-03-29 00:31:03'),
(337, 'Aracua', 105, '2019-03-29 00:31:03', '2019-03-29 00:31:03'),
(338, 'La Peña', 105, '2019-03-29 00:31:03', '2019-03-29 00:31:03'),
(339, 'San Luis', 105, '2019-03-29 00:31:03', '2019-03-29 00:31:03'),
(340, 'Bariro', 106, '2019-03-29 00:31:03', '2019-03-29 00:31:03'),
(341, 'Borojó', 106, '2019-03-29 00:31:03', '2019-03-29 00:31:03'),
(342, 'Capatárida', 106, '2019-03-29 00:31:03', '2019-03-29 00:31:03'),
(343, 'Guajiro', 106, '2019-03-29 00:31:03', '2019-03-29 00:31:03'),
(344, 'Seque', 106, '2019-03-29 00:31:03', '2019-03-29 00:31:03'),
(345, 'Zazárida', 106, '2019-03-29 00:31:03', '2019-03-29 00:31:03'),
(346, 'Valle de Eroa', 106, '2019-03-29 00:31:03', '2019-03-29 00:31:03'),
(347, 'Cacique Manaure', 107, '2019-03-29 00:31:03', '2019-03-29 00:31:03'),
(348, 'Norte', 108, '2019-03-29 00:31:03', '2019-03-29 00:31:03'),
(349, 'Carirubana', 108, '2019-03-29 00:31:03', '2019-03-29 00:31:03'),
(350, 'Santa Ana', 108, '2019-03-29 00:31:03', '2019-03-29 00:31:03'),
(351, 'Urbana Punta Cardón', 108, '2019-03-29 00:31:03', '2019-03-29 00:31:03'),
(352, 'La Vela de Coro', 109, '2019-03-29 00:31:03', '2019-03-29 00:31:03'),
(353, 'Acurigua', 109, '2019-03-29 00:31:03', '2019-03-29 00:31:03'),
(354, 'Guaibacoa', 109, '2019-03-29 00:31:03', '2019-03-29 00:31:03'),
(355, 'Las Calderas', 109, '2019-03-29 00:31:03', '2019-03-29 00:31:03'),
(356, 'Macoruca', 109, '2019-03-29 00:31:03', '2019-03-29 00:31:03'),
(357, 'Dabajuro', 110, '2019-03-29 00:31:03', '2019-03-29 00:31:03'),
(358, 'Agua Clara', 111, '2019-03-29 00:31:03', '2019-03-29 00:31:03'),
(359, 'Avaria', 111, '2019-03-29 00:31:03', '2019-03-29 00:31:03'),
(360, 'Pedregal', 111, '2019-03-29 00:31:03', '2019-03-29 00:31:03'),
(361, 'Piedra Grande', 111, '2019-03-29 00:31:03', '2019-03-29 00:31:03'),
(362, 'Purureche', 111, '2019-03-29 00:31:03', '2019-03-29 00:31:03'),
(363, 'Adaure', 112, '2019-03-29 00:31:03', '2019-03-29 00:31:03'),
(364, 'Adícora', 112, '2019-03-29 00:31:03', '2019-03-29 00:31:03'),
(365, 'Baraived', 112, '2019-03-29 00:31:03', '2019-03-29 00:31:03'),
(366, 'Buena Vista', 112, '2019-03-29 00:31:03', '2019-03-29 00:31:03'),
(367, 'Jadacaquiva', 112, '2019-03-29 00:31:03', '2019-03-29 00:31:03'),
(368, 'El Vínculo', 112, '2019-03-29 00:31:03', '2019-03-29 00:31:03'),
(369, 'El Hato', 112, '2019-03-29 00:31:03', '2019-03-29 00:31:03'),
(370, 'Moruy', 112, '2019-03-29 00:31:03', '2019-03-29 00:31:03'),
(371, 'Pueblo Nuevo', 112, '2019-03-29 00:31:03', '2019-03-29 00:31:03'),
(372, 'Agua Larga', 113, '2019-03-29 00:31:03', '2019-03-29 00:31:03'),
(373, 'El Paují', 113, '2019-03-29 00:31:03', '2019-03-29 00:31:03'),
(374, 'Independencia', 113, '2019-03-29 00:31:03', '2019-03-29 00:31:03'),
(375, 'Mapararí', 113, '2019-03-29 00:31:03', '2019-03-29 00:31:03'),
(376, 'Agua Linda', 114, '2019-03-29 00:31:03', '2019-03-29 00:31:03'),
(377, 'Araurima', 114, '2019-03-29 00:31:03', '2019-03-29 00:31:03'),
(378, 'Jacura', 114, '2019-03-29 00:31:03', '2019-03-29 00:31:03'),
(379, 'Tucacas', 115, '2019-03-29 00:31:03', '2019-03-29 00:31:03'),
(380, 'Boca de Aroa', 115, '2019-03-29 00:31:03', '2019-03-29 00:31:03'),
(381, 'Los Taques', 116, '2019-03-29 00:31:03', '2019-03-29 00:31:03'),
(382, 'Judibana', 116, '2019-03-29 00:31:03', '2019-03-29 00:31:03'),
(383, 'Mene de Mauroa', 117, '2019-03-29 00:31:03', '2019-03-29 00:31:03'),
(384, 'San Félix', 117, '2019-03-29 00:31:03', '2019-03-29 00:31:03'),
(385, 'Casigua', 117, '2019-03-29 00:31:03', '2019-03-29 00:31:03'),
(386, 'Guzmán Guillermo', 118, '2019-03-29 00:31:03', '2019-03-29 00:31:03'),
(387, 'Mitare', 118, '2019-03-29 00:31:03', '2019-03-29 00:31:03'),
(388, 'Río Seco', 118, '2019-03-29 00:31:03', '2019-03-29 00:31:03'),
(389, 'Sabaneta', 118, '2019-03-29 00:31:03', '2019-03-29 00:31:03'),
(390, 'San Antonio', 118, '2019-03-29 00:31:03', '2019-03-29 00:31:03'),
(391, 'San Gabriel', 118, '2019-03-29 00:31:03', '2019-03-29 00:31:03'),
(392, 'Santa Ana', 118, '2019-03-29 00:31:03', '2019-03-29 00:31:03'),
(393, 'Boca del Tocuyo', 119, '2019-03-29 00:31:03', '2019-03-29 00:31:03'),
(394, 'Chichiriviche', 119, '2019-03-29 00:31:03', '2019-03-29 00:31:03'),
(395, 'Tocuyo de la Costa', 119, '2019-03-29 00:31:03', '2019-03-29 00:31:03'),
(396, 'Palmasola', 120, '2019-03-29 00:31:03', '2019-03-29 00:31:03'),
(397, 'Cabure', 121, '2019-03-29 00:31:03', '2019-03-29 00:31:03'),
(398, 'Colina', 121, '2019-03-29 00:31:03', '2019-03-29 00:31:03'),
(399, 'Curimagua', 121, '2019-03-29 00:31:03', '2019-03-29 00:31:03'),
(400, 'San José de la Costa', 122, '2019-03-29 00:31:03', '2019-03-29 00:31:03'),
(401, 'Píritu', 122, '2019-03-29 00:31:03', '2019-03-29 00:31:03'),
(402, 'San Francisco', 123, '2019-03-29 00:31:03', '2019-03-29 00:31:03'),
(403, 'Sucre', 124, '2019-03-29 00:31:03', '2019-03-29 00:31:03'),
(404, 'Pecaya', 124, '2019-03-29 00:31:03', '2019-03-29 00:31:03'),
(405, 'Tocópero', 125, '2019-03-29 00:31:03', '2019-03-29 00:31:03'),
(406, 'El Charal', 126, '2019-03-29 00:31:03', '2019-03-29 00:31:03'),
(407, 'Las Vegas del Tuy', 126, '2019-03-29 00:31:03', '2019-03-29 00:31:03'),
(408, 'Santa Cruz de Bucaral', 126, '2019-03-29 00:31:03', '2019-03-29 00:31:03'),
(409, 'Bruzual', 127, '2019-03-29 00:31:03', '2019-03-29 00:31:03'),
(410, 'Urumaco', 127, '2019-03-29 00:31:03', '2019-03-29 00:31:03'),
(411, 'Puerto Cumarebo', 128, '2019-03-29 00:31:03', '2019-03-29 00:31:03'),
(412, 'La Ciénaga', 128, '2019-03-29 00:31:03', '2019-03-29 00:31:03'),
(413, 'La Soledad', 128, '2019-03-29 00:31:03', '2019-03-29 00:31:03'),
(414, 'Pueblo Cumarebo', 128, '2019-03-29 00:31:03', '2019-03-29 00:31:03'),
(415, 'Zazárida', 128, '2019-03-29 00:31:03', '2019-03-29 00:31:03'),
(416, 'Churuguara', 113, '2019-03-29 00:31:03', '2019-03-29 00:31:03'),
(417, 'Camaguán', 129, '2019-03-29 00:31:03', '2019-03-29 00:31:03'),
(418, 'Puerto Miranda', 129, '2019-03-29 00:31:03', '2019-03-29 00:31:03'),
(419, 'Uverito', 129, '2019-03-29 00:31:03', '2019-03-29 00:31:03'),
(420, 'Chaguaramas', 130, '2019-03-29 00:31:03', '2019-03-29 00:31:03'),
(421, 'El Socorro', 131, '2019-03-29 00:31:03', '2019-03-29 00:31:03'),
(422, 'Tucupido', 132, '2019-03-29 00:31:03', '2019-03-29 00:31:03'),
(423, 'San Rafael de Laya', 132, '2019-03-29 00:31:03', '2019-03-29 00:31:03'),
(424, 'Altagracia de Orituco', 133, '2019-03-29 00:31:03', '2019-03-29 00:31:03'),
(425, 'San Rafael de Orituco', 133, '2019-03-29 00:31:03', '2019-03-29 00:31:03'),
(426, 'San Francisco Javier de Lezama', 133, '2019-03-29 00:31:03', '2019-03-29 00:31:03'),
(427, 'Paso Real de Macaira', 133, '2019-03-29 00:31:03', '2019-03-29 00:31:03'),
(428, 'Carlos Soublette', 133, '2019-03-29 00:31:03', '2019-03-29 00:31:03'),
(429, 'San Francisco de Macaira', 133, '2019-03-29 00:31:03', '2019-03-29 00:31:03'),
(430, 'Libertad de Orituco', 133, '2019-03-29 00:31:03', '2019-03-29 00:31:03'),
(431, 'Cantaclaro', 134, '2019-03-29 00:31:03', '2019-03-29 00:31:03'),
(432, 'San Juan de los Morros', 134, '2019-03-29 00:31:03', '2019-03-29 00:31:03'),
(433, 'Parapara', 134, '2019-03-29 00:31:03', '2019-03-29 00:31:03'),
(434, 'El Sombrero', 135, '2019-03-29 00:31:03', '2019-03-29 00:31:03'),
(435, 'Sosa', 135, '2019-03-29 00:31:03', '2019-03-29 00:31:03'),
(436, 'Las Mercedes', 136, '2019-03-29 00:31:03', '2019-03-29 00:31:03'),
(437, 'Cabruta', 136, '2019-03-29 00:31:03', '2019-03-29 00:31:03'),
(438, 'Santa Rita de Manapire', 136, '2019-03-29 00:31:03', '2019-03-29 00:31:03'),
(439, 'Valle de la Pascua', 137, '2019-03-29 00:31:03', '2019-03-29 00:31:03'),
(440, 'Espino', 137, '2019-03-29 00:31:03', '2019-03-29 00:31:03'),
(441, 'San José de Unare', 138, '2019-03-29 00:31:03', '2019-03-29 00:31:03'),
(442, 'Zaraza', 138, '2019-03-29 00:31:03', '2019-03-29 00:31:03'),
(443, 'San José de Tiznados', 139, '2019-03-29 00:31:03', '2019-03-29 00:31:03'),
(444, 'San Francisco de Tiznados', 139, '2019-03-29 00:31:03', '2019-03-29 00:31:03'),
(445, 'San Lorenzo de Tiznados', 139, '2019-03-29 00:31:03', '2019-03-29 00:31:03'),
(446, 'Ortiz', 139, '2019-03-29 00:31:03', '2019-03-29 00:31:03'),
(447, 'Guayabal', 140, '2019-03-29 00:31:03', '2019-03-29 00:31:03'),
(448, 'Cazorla', 140, '2019-03-29 00:31:03', '2019-03-29 00:31:03'),
(449, 'San José de Guaribe', 141, '2019-03-29 00:31:03', '2019-03-29 00:31:03'),
(450, 'Uveral', 141, '2019-03-29 00:31:03', '2019-03-29 00:31:03'),
(451, 'Santa María de Ipire', 142, '2019-03-29 00:31:03', '2019-03-29 00:31:03'),
(452, 'Altamira', 142, '2019-03-29 00:31:03', '2019-03-29 00:31:03'),
(453, 'El Calvario', 143, '2019-03-29 00:31:03', '2019-03-29 00:31:03'),
(454, 'El Rastro', 143, '2019-03-29 00:31:03', '2019-03-29 00:31:03'),
(455, 'Guardatinajas', 143, '2019-03-29 00:31:03', '2019-03-29 00:31:03'),
(456, 'Capital Urbana Calabozo', 143, '2019-03-29 00:31:03', '2019-03-29 00:31:03'),
(457, 'Quebrada Honda de Guache', 144, '2019-03-29 00:31:03', '2019-03-29 00:31:03'),
(458, 'Pío Tamayo', 144, '2019-03-29 00:31:03', '2019-03-29 00:31:03'),
(459, 'Yacambú', 144, '2019-03-29 00:31:03', '2019-03-29 00:31:03'),
(460, 'Fréitez', 145, '2019-03-29 00:31:03', '2019-03-29 00:31:03'),
(461, 'José María Blanco', 145, '2019-03-29 00:31:03', '2019-03-29 00:31:03'),
(462, 'Catedral', 146, '2019-03-29 00:31:03', '2019-03-29 00:31:03'),
(463, 'Concepción', 146, '2019-03-29 00:31:03', '2019-03-29 00:31:03'),
(464, 'El Cují', 146, '2019-03-29 00:31:03', '2019-03-29 00:31:03'),
(465, 'Juan de Villegas', 146, '2019-03-29 00:31:03', '2019-03-29 00:31:03'),
(466, 'Santa Rosa', 146, '2019-03-29 00:31:03', '2019-03-29 00:31:03'),
(467, 'Tamaca', 146, '2019-03-29 00:31:03', '2019-03-29 00:31:03'),
(468, 'Unión', 146, '2019-03-29 00:31:03', '2019-03-29 00:31:03'),
(469, 'Aguedo Felipe Alvarado', 146, '2019-03-29 00:31:03', '2019-03-29 00:31:03'),
(470, 'Buena Vista', 146, '2019-03-29 00:31:03', '2019-03-29 00:31:03'),
(471, 'Juárez', 146, '2019-03-29 00:31:03', '2019-03-29 00:31:03'),
(472, 'Juan Bautista Rodríguez', 147, '2019-03-29 00:31:03', '2019-03-29 00:31:03'),
(473, 'Cuara', 147, '2019-03-29 00:31:03', '2019-03-29 00:31:03'),
(474, 'Diego de Lozada', 147, '2019-03-29 00:31:03', '2019-03-29 00:31:03'),
(475, 'Paraíso de San José', 147, '2019-03-29 00:31:03', '2019-03-29 00:31:03'),
(476, 'San Miguel', 147, '2019-03-29 00:31:03', '2019-03-29 00:31:03'),
(477, 'Tintorero', 147, '2019-03-29 00:31:03', '2019-03-29 00:31:03'),
(478, 'José Bernardo Dorante', 147, '2019-03-29 00:31:03', '2019-03-29 00:31:03'),
(479, 'Coronel Mariano Peraza ', 147, '2019-03-29 00:31:03', '2019-03-29 00:31:03'),
(480, 'Bolívar', 148, '2019-03-29 00:31:03', '2019-03-29 00:31:03'),
(481, 'Anzoátegui', 148, '2019-03-29 00:31:03', '2019-03-29 00:31:03'),
(482, 'Guarico', 148, '2019-03-29 00:31:03', '2019-03-29 00:31:03'),
(483, 'Hilario Luna y Luna', 148, '2019-03-29 00:31:03', '2019-03-29 00:31:03'),
(484, 'Humocaro Alto', 148, '2019-03-29 00:31:03', '2019-03-29 00:31:03'),
(485, 'Humocaro Bajo', 148, '2019-03-29 00:31:03', '2019-03-29 00:31:03'),
(486, 'La Candelaria', 148, '2019-03-29 00:31:03', '2019-03-29 00:31:03'),
(487, 'Morán', 148, '2019-03-29 00:31:03', '2019-03-29 00:31:03'),
(488, 'Cabudare', 149, '2019-03-29 00:31:03', '2019-03-29 00:31:03'),
(489, 'José Gregorio Bastidas', 149, '2019-03-29 00:31:03', '2019-03-29 00:31:03'),
(490, 'Agua Viva', 149, '2019-03-29 00:31:03', '2019-03-29 00:31:03'),
(491, 'Sarare', 150, '2019-03-29 00:31:03', '2019-03-29 00:31:03'),
(492, 'Buría', 150, '2019-03-29 00:31:03', '2019-03-29 00:31:03'),
(493, 'Gustavo Vegas León', 150, '2019-03-29 00:31:03', '2019-03-29 00:31:03'),
(494, 'Trinidad Samuel', 151, '2019-03-29 00:31:03', '2019-03-29 00:31:03'),
(495, 'Antonio Díaz', 151, '2019-03-29 00:31:03', '2019-03-29 00:31:03'),
(496, 'Camacaro', 151, '2019-03-29 00:31:03', '2019-03-29 00:31:03'),
(497, 'Castañeda', 151, '2019-03-29 00:31:03', '2019-03-29 00:31:03'),
(498, 'Cecilio Zubillaga', 151, '2019-03-29 00:31:03', '2019-03-29 00:31:03'),
(499, 'Chiquinquirá', 151, '2019-03-29 00:31:03', '2019-03-29 00:31:03'),
(500, 'El Blanco', 151, '2019-03-29 00:31:03', '2019-03-29 00:31:03'),
(501, 'Espinoza de los Monteros', 151, '2019-03-29 00:31:03', '2019-03-29 00:31:03'),
(502, 'Lara', 151, '2019-03-29 00:31:03', '2019-03-29 00:31:03'),
(503, 'Las Mercedes', 151, '2019-03-29 00:31:03', '2019-03-29 00:31:03'),
(504, 'Manuel Morillo', 151, '2019-03-29 00:31:03', '2019-03-29 00:31:03'),
(505, 'Montaña Verde', 151, '2019-03-29 00:31:03', '2019-03-29 00:31:03'),
(506, 'Montes de Oca', 151, '2019-03-29 00:31:03', '2019-03-29 00:31:03'),
(507, 'Torres', 151, '2019-03-29 00:31:03', '2019-03-29 00:31:03'),
(508, 'Heriberto Arroyo', 151, '2019-03-29 00:31:03', '2019-03-29 00:31:03'),
(509, 'Reyes Vargas', 151, '2019-03-29 00:31:03', '2019-03-29 00:31:03'),
(510, 'Altagracia', 151, '2019-03-29 00:31:03', '2019-03-29 00:31:03'),
(511, 'Siquisique', 152, '2019-03-29 00:31:03', '2019-03-29 00:31:03'),
(512, 'Moroturo', 152, '2019-03-29 00:31:03', '2019-03-29 00:31:03'),
(513, 'San Miguel', 152, '2019-03-29 00:31:03', '2019-03-29 00:31:03'),
(514, 'Xaguas', 152, '2019-03-29 00:31:03', '2019-03-29 00:31:03'),
(515, 'Presidente Betancourt', 179, '2019-03-29 00:31:03', '2019-03-29 00:31:03'),
(516, 'Presidente Páez', 179, '2019-03-29 00:31:03', '2019-03-29 00:31:03'),
(517, 'Presidente Rómulo Gallegos', 179, '2019-03-29 00:31:03', '2019-03-29 00:31:03'),
(518, 'Gabriel Picón González', 179, '2019-03-29 00:31:03', '2019-03-29 00:31:03'),
(519, 'Héctor Amable Mora', 179, '2019-03-29 00:31:03', '2019-03-29 00:31:03'),
(520, 'José Nucete Sardi', 179, '2019-03-29 00:31:03', '2019-03-29 00:31:03'),
(521, 'Pulido Méndez', 179, '2019-03-29 00:31:03', '2019-03-29 00:31:03'),
(522, 'La Azulita', 180, '2019-03-29 00:31:03', '2019-03-29 00:31:03'),
(523, 'Santa Cruz de Mora', 181, '2019-03-29 00:31:03', '2019-03-29 00:31:03'),
(524, 'Mesa Bolívar', 181, '2019-03-29 00:31:03', '2019-03-29 00:31:03'),
(525, 'Mesa de Las Palmas', 181, '2019-03-29 00:31:03', '2019-03-29 00:31:03'),
(526, 'Aricagua', 182, '2019-03-29 00:31:03', '2019-03-29 00:31:03'),
(527, 'San Antonio', 182, '2019-03-29 00:31:03', '2019-03-29 00:31:03'),
(528, 'Canagua', 183, '2019-03-29 00:31:03', '2019-03-29 00:31:03'),
(529, 'Capurí', 183, '2019-03-29 00:31:03', '2019-03-29 00:31:03'),
(530, 'Chacantá', 183, '2019-03-29 00:31:03', '2019-03-29 00:31:03'),
(531, 'El Molino', 183, '2019-03-29 00:31:03', '2019-03-29 00:31:03'),
(532, 'Guaimaral', 183, '2019-03-29 00:31:03', '2019-03-29 00:31:03'),
(533, 'Mucutuy', 183, '2019-03-29 00:31:03', '2019-03-29 00:31:03'),
(534, 'Mucuchachí', 183, '2019-03-29 00:31:03', '2019-03-29 00:31:03'),
(535, 'Fernández Peña', 184, '2019-03-29 00:31:03', '2019-03-29 00:31:03'),
(536, 'Matriz', 184, '2019-03-29 00:31:03', '2019-03-29 00:31:03'),
(537, 'Montalbán', 184, '2019-03-29 00:31:03', '2019-03-29 00:31:03'),
(538, 'Acequias', 184, '2019-03-29 00:31:03', '2019-03-29 00:31:03'),
(539, 'Jají', 184, '2019-03-29 00:31:03', '2019-03-29 00:31:03'),
(540, 'La Mesa', 184, '2019-03-29 00:31:03', '2019-03-29 00:31:03'),
(541, 'San José del Sur', 184, '2019-03-29 00:31:03', '2019-03-29 00:31:03'),
(542, 'Tucaní', 185, '2019-03-29 00:31:03', '2019-03-29 00:31:03'),
(543, 'Florencio Ramírez', 185, '2019-03-29 00:31:03', '2019-03-29 00:31:03'),
(544, 'Santo Domingo', 186, '2019-03-29 00:31:03', '2019-03-29 00:31:03'),
(545, 'Las Piedras', 186, '2019-03-29 00:31:03', '2019-03-29 00:31:03'),
(546, 'Guaraque', 187, '2019-03-29 00:31:03', '2019-03-29 00:31:03'),
(547, 'Mesa de Quintero', 187, '2019-03-29 00:31:03', '2019-03-29 00:31:03'),
(548, 'Río Negro', 187, '2019-03-29 00:31:03', '2019-03-29 00:31:03'),
(549, 'Arapuey', 188, '2019-03-29 00:31:03', '2019-03-29 00:31:03'),
(550, 'Palmira', 188, '2019-03-29 00:31:03', '2019-03-29 00:31:03'),
(551, 'San Cristóbal de Torondoy', 189, '2019-03-29 00:31:03', '2019-03-29 00:31:03'),
(552, 'Torondoy', 189, '2019-03-29 00:31:03', '2019-03-29 00:31:03'),
(553, 'Antonio Spinetti Dini', 190, '2019-03-29 00:31:03', '2019-03-29 00:31:03'),
(554, 'Arias', 190, '2019-03-29 00:31:03', '2019-03-29 00:31:03'),
(555, 'Caracciolo Parra Pérez', 190, '2019-03-29 00:31:03', '2019-03-29 00:31:03'),
(556, 'Domingo Peña', 190, '2019-03-29 00:31:03', '2019-03-29 00:31:03'),
(557, 'El Llano', 190, '2019-03-29 00:31:03', '2019-03-29 00:31:03'),
(558, 'Gonzalo Picón Febres', 190, '2019-03-29 00:31:03', '2019-03-29 00:31:03'),
(559, 'Jacinto Plaza', 190, '2019-03-29 00:31:03', '2019-03-29 00:31:03'),
(560, 'Juan Rodríguez Suárez', 190, '2019-03-29 00:31:03', '2019-03-29 00:31:03'),
(561, 'Lasso de la Vega', 190, '2019-03-29 00:31:03', '2019-03-29 00:31:03'),
(562, 'Mariano Picón Salas', 190, '2019-03-29 00:31:03', '2019-03-29 00:31:03'),
(563, 'Milla', 190, '2019-03-29 00:31:03', '2019-03-29 00:31:03'),
(564, 'Osuna Rodríguez', 190, '2019-03-29 00:31:03', '2019-03-29 00:31:03'),
(565, 'Sagrario', 190, '2019-03-29 00:31:03', '2019-03-29 00:31:03'),
(566, 'El Morro', 190, '2019-03-29 00:31:03', '2019-03-29 00:31:03'),
(567, 'Los Nevados', 190, '2019-03-29 00:31:03', '2019-03-29 00:31:03'),
(568, 'Andrés Eloy Blanco', 191, '2019-03-29 00:31:03', '2019-03-29 00:31:03'),
(569, 'La Venta', 191, '2019-03-29 00:31:03', '2019-03-29 00:31:03'),
(570, 'Piñango', 191, '2019-03-29 00:31:03', '2019-03-29 00:31:03'),
(571, 'Timotes', 191, '2019-03-29 00:31:03', '2019-03-29 00:31:03'),
(572, 'Eloy Paredes', 192, '2019-03-29 00:31:03', '2019-03-29 00:31:03'),
(573, 'San Rafael de Alcázar', 192, '2019-03-29 00:31:03', '2019-03-29 00:31:03'),
(574, 'Santa Elena de Arenales', 192, '2019-03-29 00:31:03', '2019-03-29 00:31:03'),
(575, 'Santa María de Caparo', 193, '2019-03-29 00:31:03', '2019-03-29 00:31:03'),
(576, 'Pueblo Llano', 194, '2019-03-29 00:31:03', '2019-03-29 00:31:03'),
(577, 'Cacute', 195, '2019-03-29 00:31:03', '2019-03-29 00:31:03'),
(578, 'La Toma', 195, '2019-03-29 00:31:03', '2019-03-29 00:31:03'),
(579, 'Mucuchíes', 195, '2019-03-29 00:31:03', '2019-03-29 00:31:03'),
(580, 'Mucurubá', 195, '2019-03-29 00:31:03', '2019-03-29 00:31:03'),
(581, 'San Rafael', 195, '2019-03-29 00:31:03', '2019-03-29 00:31:03'),
(582, 'Gerónimo Maldonado', 196, '2019-03-29 00:31:03', '2019-03-29 00:31:03'),
(583, 'Bailadores', 196, '2019-03-29 00:31:03', '2019-03-29 00:31:03'),
(584, 'Tabay', 197, '2019-03-29 00:31:03', '2019-03-29 00:31:03'),
(585, 'Chiguará', 198, '2019-03-29 00:31:03', '2019-03-29 00:31:03'),
(586, 'Estánquez', 198, '2019-03-29 00:31:03', '2019-03-29 00:31:03'),
(587, 'Lagunillas', 198, '2019-03-29 00:31:03', '2019-03-29 00:31:03'),
(588, 'La Trampa', 198, '2019-03-29 00:31:03', '2019-03-29 00:31:03'),
(589, 'Pueblo Nuevo del Sur', 198, '2019-03-29 00:31:03', '2019-03-29 00:31:03'),
(590, 'San Juan', 198, '2019-03-29 00:31:03', '2019-03-29 00:31:03'),
(591, 'El Amparo', 199, '2019-03-29 00:31:03', '2019-03-29 00:31:03'),
(592, 'El Llano', 199, '2019-03-29 00:31:03', '2019-03-29 00:31:03'),
(593, 'San Francisco', 199, '2019-03-29 00:31:03', '2019-03-29 00:31:03'),
(594, 'Tovar', 199, '2019-03-29 00:31:03', '2019-03-29 00:31:03'),
(595, 'Independencia', 200, '2019-03-29 00:31:03', '2019-03-29 00:31:03'),
(596, 'María de la Concepción Palacios Blanco', 200, '2019-03-29 00:31:03', '2019-03-29 00:31:03'),
(597, 'Nueva Bolivia', 200, '2019-03-29 00:31:03', '2019-03-29 00:31:03'),
(598, 'Santa Apolonia', 200, '2019-03-29 00:31:03', '2019-03-29 00:31:03'),
(599, 'Caño El Tigre', 201, '2019-03-29 00:31:03', '2019-03-29 00:31:03'),
(600, 'Zea', 201, '2019-03-29 00:31:03', '2019-03-29 00:31:03'),
(601, 'Aragüita', 223, '2019-03-29 00:31:03', '2019-03-29 00:31:03'),
(602, 'Arévalo González', 223, '2019-03-29 00:31:03', '2019-03-29 00:31:03'),
(603, 'Capaya', 223, '2019-03-29 00:31:03', '2019-03-29 00:31:03'),
(604, 'Caucagua', 223, '2019-03-29 00:31:03', '2019-03-29 00:31:03'),
(605, 'Panaquire', 223, '2019-03-29 00:31:03', '2019-03-29 00:31:03'),
(606, 'Ribas', 223, '2019-03-29 00:31:03', '2019-03-29 00:31:03'),
(607, 'El Café', 223, '2019-03-29 00:31:03', '2019-03-29 00:31:03'),
(608, 'Marizapa', 223, '2019-03-29 00:31:03', '2019-03-29 00:31:03'),
(609, 'Cumbo', 224, '2019-03-29 00:31:03', '2019-03-29 00:31:03'),
(610, 'San José de Barlovento', 224, '2019-03-29 00:31:03', '2019-03-29 00:31:03'),
(611, 'El Cafetal', 225, '2019-03-29 00:31:03', '2019-03-29 00:31:03'),
(612, 'Las Minas', 225, '2019-03-29 00:31:03', '2019-03-29 00:31:03'),
(613, 'Nuestra Señora del Rosario', 225, '2019-03-29 00:31:03', '2019-03-29 00:31:03'),
(614, 'Higuerote', 226, '2019-03-29 00:31:03', '2019-03-29 00:31:03'),
(615, 'Curiepe', 226, '2019-03-29 00:31:03', '2019-03-29 00:31:03'),
(616, 'Tacarigua de Brión', 226, '2019-03-29 00:31:03', '2019-03-29 00:31:03'),
(617, 'Mamporal', 227, '2019-03-29 00:31:03', '2019-03-29 00:31:03'),
(618, 'Carrizal', 228, '2019-03-29 00:31:03', '2019-03-29 00:31:03'),
(619, 'Chacao', 229, '2019-03-29 00:31:03', '2019-03-29 00:31:03'),
(620, 'Charallave', 230, '2019-03-29 00:31:03', '2019-03-29 00:31:03'),
(621, 'Las Brisas', 230, '2019-03-29 00:31:03', '2019-03-29 00:31:03'),
(622, 'El Hatillo', 231, '2019-03-29 00:31:03', '2019-03-29 00:31:03'),
(623, 'Altagracia de la Montaña', 232, '2019-03-29 00:31:03', '2019-03-29 00:31:03'),
(624, 'Cecilio Acosta', 232, '2019-03-29 00:31:03', '2019-03-29 00:31:03'),
(625, 'Los Teques', 232, '2019-03-29 00:31:03', '2019-03-29 00:31:03'),
(626, 'El Jarillo', 232, '2019-03-29 00:31:03', '2019-03-29 00:31:03'),
(627, 'San Pedro', 232, '2019-03-29 00:31:03', '2019-03-29 00:31:03'),
(628, 'Tácata', 232, '2019-03-29 00:31:03', '2019-03-29 00:31:03'),
(629, 'Paracotos', 232, '2019-03-29 00:31:03', '2019-03-29 00:31:03'),
(630, 'Cartanal', 233, '2019-03-29 00:31:03', '2019-03-29 00:31:03'),
(631, 'Santa Teresa del Tuy', 233, '2019-03-29 00:31:03', '2019-03-29 00:31:03'),
(632, 'La Democracia', 234, '2019-03-29 00:31:03', '2019-03-29 00:31:03'),
(633, 'Ocumare del Tuy', 234, '2019-03-29 00:31:03', '2019-03-29 00:31:03'),
(634, 'Santa Bárbara', 234, '2019-03-29 00:31:03', '2019-03-29 00:31:03'),
(635, 'San Antonio de los Altos', 235, '2019-03-29 00:31:03', '2019-03-29 00:31:03'),
(636, 'Río Chico', 236, '2019-03-29 00:31:03', '2019-03-29 00:31:03'),
(637, 'El Guapo', 236, '2019-03-29 00:31:03', '2019-03-29 00:31:03'),
(638, 'Tacarigua de la Laguna', 236, '2019-03-29 00:31:03', '2019-03-29 00:31:03'),
(639, 'Paparo', 236, '2019-03-29 00:31:03', '2019-03-29 00:31:03'),
(640, 'San Fernando del Guapo', 236, '2019-03-29 00:31:03', '2019-03-29 00:31:03'),
(641, 'Santa Lucía del Tuy', 237, '2019-03-29 00:31:03', '2019-03-29 00:31:03'),
(642, 'Cúpira', 238, '2019-03-29 00:31:03', '2019-03-29 00:31:03'),
(643, 'Machurucuto', 238, '2019-03-29 00:31:03', '2019-03-29 00:31:03'),
(644, 'Guarenas', 239, '2019-03-29 00:31:03', '2019-03-29 00:31:03'),
(645, 'San Antonio de Yare', 240, '2019-03-29 00:31:03', '2019-03-29 00:31:03'),
(646, 'San Francisco de Yare', 240, '2019-03-29 00:31:03', '2019-03-29 00:31:03'),
(647, 'Leoncio Martínez', 241, '2019-03-29 00:31:03', '2019-03-29 00:31:03'),
(648, 'Petare', 241, '2019-03-29 00:31:03', '2019-03-29 00:31:03'),
(649, 'Caucagüita', 241, '2019-03-29 00:31:03', '2019-03-29 00:31:03'),
(650, 'Filas de Mariche', 241, '2019-03-29 00:31:03', '2019-03-29 00:31:03'),
(651, 'La Dolorita', 241, '2019-03-29 00:31:03', '2019-03-29 00:31:03'),
(652, 'Cúa', 242, '2019-03-29 00:31:03', '2019-03-29 00:31:03'),
(653, 'Nueva Cúa', 242, '2019-03-29 00:31:03', '2019-03-29 00:31:03'),
(654, 'Guatire', 243, '2019-03-29 00:31:03', '2019-03-29 00:31:03'),
(655, 'Bolívar', 243, '2019-03-29 00:31:03', '2019-03-29 00:31:03'),
(656, 'San Antonio de Maturín', 258, '2019-03-29 00:31:03', '2019-03-29 00:31:03'),
(657, 'San Francisco de Maturín', 258, '2019-03-29 00:31:03', '2019-03-29 00:31:03'),
(658, 'Aguasay', 259, '2019-03-29 00:31:03', '2019-03-29 00:31:03'),
(659, 'Caripito', 260, '2019-03-29 00:31:03', '2019-03-29 00:31:03'),
(660, 'El Guácharo', 261, '2019-03-29 00:31:03', '2019-03-29 00:31:03'),
(661, 'La Guanota', 261, '2019-03-29 00:31:03', '2019-03-29 00:31:03'),
(662, 'Sabana de Piedra', 261, '2019-03-29 00:31:03', '2019-03-29 00:31:03'),
(663, 'San Agustín', 261, '2019-03-29 00:31:03', '2019-03-29 00:31:03'),
(664, 'Teresen', 261, '2019-03-29 00:31:03', '2019-03-29 00:31:03'),
(665, 'Caripe', 261, '2019-03-29 00:31:03', '2019-03-29 00:31:03'),
(666, 'Areo', 262, '2019-03-29 00:31:03', '2019-03-29 00:31:03'),
(667, 'Capital Cedeño', 262, '2019-03-29 00:31:03', '2019-03-29 00:31:03'),
(668, 'San Félix de Cantalicio', 262, '2019-03-29 00:31:03', '2019-03-29 00:31:03'),
(669, 'Viento Fresco', 262, '2019-03-29 00:31:03', '2019-03-29 00:31:03'),
(670, 'El Tejero', 263, '2019-03-29 00:31:03', '2019-03-29 00:31:03'),
(671, 'Punta de Mata', 263, '2019-03-29 00:31:03', '2019-03-29 00:31:03'),
(672, 'Chaguaramas', 264, '2019-03-29 00:31:03', '2019-03-29 00:31:03'),
(673, 'Las Alhuacas', 264, '2019-03-29 00:31:03', '2019-03-29 00:31:03'),
(674, 'Tabasca', 264, '2019-03-29 00:31:03', '2019-03-29 00:31:03'),
(675, 'Temblador', 264, '2019-03-29 00:31:03', '2019-03-29 00:31:03'),
(676, 'Alto de los Godos', 265, '2019-03-29 00:31:03', '2019-03-29 00:31:03'),
(677, 'Boquerón', 265, '2019-03-29 00:31:03', '2019-03-29 00:31:03'),
(678, 'Las Cocuizas', 265, '2019-03-29 00:31:03', '2019-03-29 00:31:03'),
(679, 'La Cruz', 265, '2019-03-29 00:31:03', '2019-03-29 00:31:03'),
(680, 'San Simón', 265, '2019-03-29 00:31:03', '2019-03-29 00:31:03'),
(681, 'El Corozo', 265, '2019-03-29 00:31:03', '2019-03-29 00:31:03'),
(682, 'El Furrial', 265, '2019-03-29 00:31:03', '2019-03-29 00:31:03'),
(683, 'Jusepín', 265, '2019-03-29 00:31:03', '2019-03-29 00:31:03'),
(684, 'La Pica', 265, '2019-03-29 00:31:03', '2019-03-29 00:31:03'),
(685, 'San Vicente', 265, '2019-03-29 00:31:03', '2019-03-29 00:31:03'),
(686, 'Aparicio', 266, '2019-03-29 00:31:03', '2019-03-29 00:31:03'),
(687, 'Aragua de Maturín', 266, '2019-03-29 00:31:03', '2019-03-29 00:31:03'),
(688, 'Chaguamal', 266, '2019-03-29 00:31:03', '2019-03-29 00:31:03'),
(689, 'El Pinto', 266, '2019-03-29 00:31:03', '2019-03-29 00:31:03'),
(690, 'Guanaguana', 266, '2019-03-29 00:31:03', '2019-03-29 00:31:03'),
(691, 'La Toscana', 266, '2019-03-29 00:31:03', '2019-03-29 00:31:03'),
(692, 'Taguaya', 266, '2019-03-29 00:31:03', '2019-03-29 00:31:03'),
(693, 'Cachipo', 267, '2019-03-29 00:31:03', '2019-03-29 00:31:03'),
(694, 'Quiriquire', 267, '2019-03-29 00:31:03', '2019-03-29 00:31:03'),
(695, 'Santa Bárbara', 268, '2019-03-29 00:31:03', '2019-03-29 00:31:03'),
(696, 'Barrancas', 269, '2019-03-29 00:31:03', '2019-03-29 00:31:03'),
(697, 'Los Barrancos de Fajardo', 269, '2019-03-29 00:31:03', '2019-03-29 00:31:03'),
(698, 'Uracoa', 270, '2019-03-29 00:31:03', '2019-03-29 00:31:03'),
(699, 'Antolín del Campo', 271, '2019-03-29 00:31:03', '2019-03-29 00:31:03'),
(700, 'Arismendi', 272, '2019-03-29 00:31:03', '2019-03-29 00:31:03'),
(701, 'García', 273, '2019-03-29 00:31:03', '2019-03-29 00:31:03'),
(702, 'Francisco Fajardo', 273, '2019-03-29 00:31:03', '2019-03-29 00:31:03');
INSERT INTO `parroquias` (`id`, `parroquia`, `municipio_id`, `createdAt`, `updatedAt`) VALUES
(703, 'Bolívar', 274, '2019-03-29 00:31:03', '2019-03-29 00:31:03'),
(704, 'Guevara', 274, '2019-03-29 00:31:03', '2019-03-29 00:31:03'),
(705, 'Matasiete', 274, '2019-03-29 00:31:03', '2019-03-29 00:31:03'),
(706, 'Santa Ana', 274, '2019-03-29 00:31:03', '2019-03-29 00:31:03'),
(707, 'Sucre', 274, '2019-03-29 00:31:03', '2019-03-29 00:31:03'),
(708, 'Aguirre', 275, '2019-03-29 00:31:03', '2019-03-29 00:31:03'),
(709, 'Maneiro', 275, '2019-03-29 00:31:03', '2019-03-29 00:31:03'),
(710, 'Adrián', 276, '2019-03-29 00:31:03', '2019-03-29 00:31:03'),
(711, 'Juan Griego', 276, '2019-03-29 00:31:03', '2019-03-29 00:31:03'),
(712, 'Yaguaraparo', 276, '2019-03-29 00:31:03', '2019-03-29 00:31:03'),
(713, 'Porlamar', 277, '2019-03-29 00:31:03', '2019-03-29 00:31:03'),
(714, 'San Francisco de Macanao', 278, '2019-03-29 00:31:03', '2019-03-29 00:31:03'),
(715, 'Boca de Río', 278, '2019-03-29 00:31:03', '2019-03-29 00:31:03'),
(716, 'Tubores', 279, '2019-03-29 00:31:03', '2019-03-29 00:31:03'),
(717, 'Los Baleales', 279, '2019-03-29 00:31:03', '2019-03-29 00:31:03'),
(718, 'Vicente Fuentes', 280, '2019-03-29 00:31:03', '2019-03-29 00:31:03'),
(719, 'Villalba', 280, '2019-03-29 00:31:03', '2019-03-29 00:31:03'),
(720, 'San Juan Bautista', 281, '2019-03-29 00:31:03', '2019-03-29 00:31:03'),
(721, 'Zabala', 281, '2019-03-29 00:31:03', '2019-03-29 00:31:03'),
(722, 'Capital Araure', 283, '2019-03-29 00:31:03', '2019-03-29 00:31:03'),
(723, 'Río Acarigua', 283, '2019-03-29 00:31:03', '2019-03-29 00:31:03'),
(724, 'Capital Esteller', 284, '2019-03-29 00:31:03', '2019-03-29 00:31:03'),
(725, 'Uveral', 284, '2019-03-29 00:31:03', '2019-03-29 00:31:03'),
(726, 'Guanare', 285, '2019-03-29 00:31:03', '2019-03-29 00:31:03'),
(727, 'Córdoba', 285, '2019-03-29 00:31:03', '2019-03-29 00:31:03'),
(728, 'San José de la Montaña', 285, '2019-03-29 00:31:03', '2019-03-29 00:31:03'),
(729, 'San Juan de Guanaguanare', 285, '2019-03-29 00:31:03', '2019-03-29 00:31:03'),
(730, 'Virgen de la Coromoto', 285, '2019-03-29 00:31:03', '2019-03-29 00:31:03'),
(731, 'Guanarito', 286, '2019-03-29 00:31:03', '2019-03-29 00:31:03'),
(732, 'Trinidad de la Capilla', 286, '2019-03-29 00:31:03', '2019-03-29 00:31:03'),
(733, 'Divina Pastora', 286, '2019-03-29 00:31:03', '2019-03-29 00:31:03'),
(734, 'Monseñor José Vicente de Unda', 287, '2019-03-29 00:31:03', '2019-03-29 00:31:03'),
(735, 'Peña Blanca', 287, '2019-03-29 00:31:03', '2019-03-29 00:31:03'),
(736, 'Capital Ospino', 288, '2019-03-29 00:31:03', '2019-03-29 00:31:03'),
(737, 'Aparición', 288, '2019-03-29 00:31:03', '2019-03-29 00:31:03'),
(738, 'La Estación', 288, '2019-03-29 00:31:03', '2019-03-29 00:31:03'),
(739, 'Páez', 289, '2019-03-29 00:31:03', '2019-03-29 00:31:03'),
(740, 'Payara', 289, '2019-03-29 00:31:03', '2019-03-29 00:31:03'),
(741, 'Pimpinela', 289, '2019-03-29 00:31:03', '2019-03-29 00:31:03'),
(742, 'Ramón Peraza', 289, '2019-03-29 00:31:03', '2019-03-29 00:31:03'),
(743, 'Papelón', 290, '2019-03-29 00:31:03', '2019-03-29 00:31:03'),
(744, 'Caño Delgadito', 290, '2019-03-29 00:31:03', '2019-03-29 00:31:03'),
(745, 'San Genaro de Boconoito', 291, '2019-03-29 00:31:03', '2019-03-29 00:31:03'),
(746, 'Antolín Tovar', 291, '2019-03-29 00:31:03', '2019-03-29 00:31:03'),
(747, 'San Rafael de Onoto', 292, '2019-03-29 00:31:03', '2019-03-29 00:31:03'),
(748, 'Santa Fe', 292, '2019-03-29 00:31:03', '2019-03-29 00:31:03'),
(749, 'Thermo Morles', 292, '2019-03-29 00:31:03', '2019-03-29 00:31:03'),
(750, 'Santa Rosalía', 293, '2019-03-29 00:31:03', '2019-03-29 00:31:03'),
(751, 'Florida', 293, '2019-03-29 00:31:03', '2019-03-29 00:31:03'),
(752, 'Sucre', 294, '2019-03-29 00:31:03', '2019-03-29 00:31:03'),
(753, 'Concepción', 294, '2019-03-29 00:31:03', '2019-03-29 00:31:03'),
(754, 'San Rafael de Palo Alzado', 294, '2019-03-29 00:31:03', '2019-03-29 00:31:03'),
(755, 'Uvencio Antonio Velásquez', 294, '2019-03-29 00:31:03', '2019-03-29 00:31:03'),
(756, 'San José de Saguaz', 294, '2019-03-29 00:31:03', '2019-03-29 00:31:03'),
(757, 'Villa Rosa', 294, '2019-03-29 00:31:03', '2019-03-29 00:31:03'),
(758, 'Turén', 295, '2019-03-29 00:31:03', '2019-03-29 00:31:03'),
(759, 'Canelones', 295, '2019-03-29 00:31:03', '2019-03-29 00:31:03'),
(760, 'Santa Cruz', 295, '2019-03-29 00:31:03', '2019-03-29 00:31:03'),
(761, 'San Isidro Labrador', 295, '2019-03-29 00:31:03', '2019-03-29 00:31:03'),
(762, 'Mariño', 296, '2019-03-29 00:31:03', '2019-03-29 00:31:03'),
(763, 'Rómulo Gallegos', 296, '2019-03-29 00:31:03', '2019-03-29 00:31:03'),
(764, 'San José de Aerocuar', 297, '2019-03-29 00:31:03', '2019-03-29 00:31:03'),
(765, 'Tavera Acosta', 297, '2019-03-29 00:31:03', '2019-03-29 00:31:03'),
(766, 'Río Caribe', 298, '2019-03-29 00:31:03', '2019-03-29 00:31:03'),
(767, 'Antonio José de Sucre', 298, '2019-03-29 00:31:03', '2019-03-29 00:31:03'),
(768, 'El Morro de Puerto Santo', 298, '2019-03-29 00:31:03', '2019-03-29 00:31:03'),
(769, 'Puerto Santo', 298, '2019-03-29 00:31:03', '2019-03-29 00:31:03'),
(770, 'San Juan de las Galdonas', 298, '2019-03-29 00:31:03', '2019-03-29 00:31:03'),
(771, 'El Pilar', 299, '2019-03-29 00:31:03', '2019-03-29 00:31:03'),
(772, 'El Rincón', 299, '2019-03-29 00:31:03', '2019-03-29 00:31:03'),
(773, 'General Francisco Antonio Váquez', 299, '2019-03-29 00:31:03', '2019-03-29 00:31:03'),
(774, 'Guaraúnos', 299, '2019-03-29 00:31:03', '2019-03-29 00:31:03'),
(775, 'Tunapuicito', 299, '2019-03-29 00:31:03', '2019-03-29 00:31:03'),
(776, 'Unión', 299, '2019-03-29 00:31:03', '2019-03-29 00:31:03'),
(777, 'Santa Catalina', 300, '2019-03-29 00:31:03', '2019-03-29 00:31:03'),
(778, 'Santa Rosa', 300, '2019-03-29 00:31:03', '2019-03-29 00:31:03'),
(779, 'Santa Teresa', 300, '2019-03-29 00:31:03', '2019-03-29 00:31:03'),
(780, 'Bolívar', 300, '2019-03-29 00:31:03', '2019-03-29 00:31:03'),
(781, 'Maracapana', 300, '2019-03-29 00:31:03', '2019-03-29 00:31:03'),
(782, 'Libertad', 302, '2019-03-29 00:31:03', '2019-03-29 00:31:03'),
(783, 'El Paujil', 302, '2019-03-29 00:31:03', '2019-03-29 00:31:03'),
(784, 'Yaguaraparo', 302, '2019-03-29 00:31:03', '2019-03-29 00:31:03'),
(785, 'Cruz Salmerón Acosta', 303, '2019-03-29 00:31:03', '2019-03-29 00:31:03'),
(786, 'Chacopata', 303, '2019-03-29 00:31:03', '2019-03-29 00:31:03'),
(787, 'Manicuare', 303, '2019-03-29 00:31:03', '2019-03-29 00:31:03'),
(788, 'Tunapuy', 304, '2019-03-29 00:31:03', '2019-03-29 00:31:03'),
(789, 'Campo Elías', 304, '2019-03-29 00:31:03', '2019-03-29 00:31:03'),
(790, 'Irapa', 305, '2019-03-29 00:31:03', '2019-03-29 00:31:03'),
(791, 'Campo Claro', 305, '2019-03-29 00:31:03', '2019-03-29 00:31:03'),
(792, 'Maraval', 305, '2019-03-29 00:31:03', '2019-03-29 00:31:03'),
(793, 'San Antonio de Irapa', 305, '2019-03-29 00:31:03', '2019-03-29 00:31:03'),
(794, 'Soro', 305, '2019-03-29 00:31:03', '2019-03-29 00:31:03'),
(795, 'Mejía', 306, '2019-03-29 00:31:03', '2019-03-29 00:31:03'),
(796, 'Cumanacoa', 307, '2019-03-29 00:31:03', '2019-03-29 00:31:03'),
(797, 'Arenas', 307, '2019-03-29 00:31:03', '2019-03-29 00:31:03'),
(798, 'Aricagua', 307, '2019-03-29 00:31:03', '2019-03-29 00:31:03'),
(799, 'Cogollar', 307, '2019-03-29 00:31:03', '2019-03-29 00:31:03'),
(800, 'San Fernando', 307, '2019-03-29 00:31:03', '2019-03-29 00:31:03'),
(801, 'San Lorenzo', 307, '2019-03-29 00:31:03', '2019-03-29 00:31:03'),
(802, 'Villa Frontado (Muelle de Cariaco)', 308, '2019-03-29 00:31:03', '2019-03-29 00:31:03'),
(803, 'Catuaro', 308, '2019-03-29 00:31:03', '2019-03-29 00:31:03'),
(804, 'Rendón', 308, '2019-03-29 00:31:03', '2019-03-29 00:31:03'),
(805, 'San Cruz', 308, '2019-03-29 00:31:03', '2019-03-29 00:31:03'),
(806, 'Santa María', 308, '2019-03-29 00:31:03', '2019-03-29 00:31:03'),
(807, 'Altagracia', 309, '2019-03-29 00:31:03', '2019-03-29 00:31:03'),
(808, 'Santa Inés', 309, '2019-03-29 00:31:03', '2019-03-29 00:31:03'),
(809, 'Valentín Valiente', 309, '2019-03-29 00:31:03', '2019-03-29 00:31:03'),
(810, 'Ayacucho', 309, '2019-03-29 00:31:03', '2019-03-29 00:31:03'),
(811, 'San Juan', 309, '2019-03-29 00:31:03', '2019-03-29 00:31:03'),
(812, 'Raúl Leoni', 309, '2019-03-29 00:31:03', '2019-03-29 00:31:03'),
(813, 'Gran Mariscal', 309, '2019-03-29 00:31:03', '2019-03-29 00:31:03'),
(814, 'Cristóbal Colón', 310, '2019-03-29 00:31:03', '2019-03-29 00:31:03'),
(815, 'Bideau', 310, '2019-03-29 00:31:03', '2019-03-29 00:31:03'),
(816, 'Punta de Piedras', 310, '2019-03-29 00:31:03', '2019-03-29 00:31:03'),
(817, 'Güiria', 310, '2019-03-29 00:31:03', '2019-03-29 00:31:03'),
(818, 'Andrés Bello', 341, '2019-03-29 00:31:03', '2019-03-29 00:31:03'),
(819, 'Antonio Rómulo Costa', 342, '2019-03-29 00:31:03', '2019-03-29 00:31:03'),
(820, 'Ayacucho', 343, '2019-03-29 00:31:03', '2019-03-29 00:31:03'),
(821, 'Rivas Berti', 343, '2019-03-29 00:31:03', '2019-03-29 00:31:03'),
(822, 'San Pedro del Río', 343, '2019-03-29 00:31:03', '2019-03-29 00:31:03'),
(823, 'Bolívar', 344, '2019-03-29 00:31:03', '2019-03-29 00:31:03'),
(824, 'Palotal', 344, '2019-03-29 00:31:03', '2019-03-29 00:31:03'),
(825, 'General Juan Vicente Gómez', 344, '2019-03-29 00:31:03', '2019-03-29 00:31:03'),
(826, 'Isaías Medina Angarita', 344, '2019-03-29 00:31:03', '2019-03-29 00:31:03'),
(827, 'Cárdenas', 345, '2019-03-29 00:31:03', '2019-03-29 00:31:03'),
(828, 'Amenodoro Ángel Lamus', 345, '2019-03-29 00:31:03', '2019-03-29 00:31:03'),
(829, 'La Florida', 345, '2019-03-29 00:31:03', '2019-03-29 00:31:03'),
(830, 'Córdoba', 346, '2019-03-29 00:31:03', '2019-03-29 00:31:03'),
(831, 'Fernández Feo', 347, '2019-03-29 00:31:03', '2019-03-29 00:31:03'),
(832, 'Alberto Adriani', 347, '2019-03-29 00:31:03', '2019-03-29 00:31:03'),
(833, 'Santo Domingo', 347, '2019-03-29 00:31:03', '2019-03-29 00:31:03'),
(834, 'Francisco de Miranda', 348, '2019-03-29 00:31:03', '2019-03-29 00:31:03'),
(835, 'García de Hevia', 349, '2019-03-29 00:31:03', '2019-03-29 00:31:03'),
(836, 'Boca de Grita', 349, '2019-03-29 00:31:03', '2019-03-29 00:31:03'),
(837, 'José Antonio Páez', 349, '2019-03-29 00:31:03', '2019-03-29 00:31:03'),
(838, 'Guásimos', 350, '2019-03-29 00:31:03', '2019-03-29 00:31:03'),
(839, 'Independencia', 351, '2019-03-29 00:31:03', '2019-03-29 00:31:03'),
(840, 'Juan Germán Roscio', 351, '2019-03-29 00:31:03', '2019-03-29 00:31:03'),
(841, 'Román Cárdenas', 351, '2019-03-29 00:31:03', '2019-03-29 00:31:03'),
(842, 'Jáuregui', 352, '2019-03-29 00:31:03', '2019-03-29 00:31:03'),
(843, 'Emilio Constantino Guerrero', 352, '2019-03-29 00:31:03', '2019-03-29 00:31:03'),
(844, 'Monseñor Miguel Antonio Salas', 352, '2019-03-29 00:31:03', '2019-03-29 00:31:03'),
(845, 'José María Vargas', 353, '2019-03-29 00:31:03', '2019-03-29 00:31:03'),
(846, 'Junín', 354, '2019-03-29 00:31:03', '2019-03-29 00:31:03'),
(847, 'La Petrólea', 354, '2019-03-29 00:31:03', '2019-03-29 00:31:03'),
(848, 'Quinimarí', 354, '2019-03-29 00:31:03', '2019-03-29 00:31:03'),
(849, 'Bramón', 354, '2019-03-29 00:31:03', '2019-03-29 00:31:03'),
(850, 'Libertad', 355, '2019-03-29 00:31:03', '2019-03-29 00:31:03'),
(851, 'Cipriano Castro', 355, '2019-03-29 00:31:03', '2019-03-29 00:31:03'),
(852, 'Manuel Felipe Rugeles', 355, '2019-03-29 00:31:03', '2019-03-29 00:31:03'),
(853, 'Libertador', 356, '2019-03-29 00:31:03', '2019-03-29 00:31:03'),
(854, 'Doradas', 356, '2019-03-29 00:31:03', '2019-03-29 00:31:03'),
(855, 'Emeterio Ochoa', 356, '2019-03-29 00:31:03', '2019-03-29 00:31:03'),
(856, 'San Joaquín de Navay', 356, '2019-03-29 00:31:03', '2019-03-29 00:31:03'),
(857, 'Lobatera', 357, '2019-03-29 00:31:03', '2019-03-29 00:31:03'),
(858, 'Constitución', 357, '2019-03-29 00:31:03', '2019-03-29 00:31:03'),
(859, 'Michelena', 358, '2019-03-29 00:31:03', '2019-03-29 00:31:03'),
(860, 'Panamericano', 359, '2019-03-29 00:31:03', '2019-03-29 00:31:03'),
(861, 'La Palmita', 359, '2019-03-29 00:31:03', '2019-03-29 00:31:03'),
(862, 'Pedro María Ureña', 360, '2019-03-29 00:31:03', '2019-03-29 00:31:03'),
(863, 'Nueva Arcadia', 360, '2019-03-29 00:31:03', '2019-03-29 00:31:03'),
(864, 'Delicias', 361, '2019-03-29 00:31:03', '2019-03-29 00:31:03'),
(865, 'Pecaya', 361, '2019-03-29 00:31:03', '2019-03-29 00:31:03'),
(866, 'Samuel Darío Maldonado', 362, '2019-03-29 00:31:03', '2019-03-29 00:31:03'),
(867, 'Boconó', 362, '2019-03-29 00:31:03', '2019-03-29 00:31:03'),
(868, 'Hernández', 362, '2019-03-29 00:31:03', '2019-03-29 00:31:03'),
(869, 'La Concordia', 363, '2019-03-29 00:31:03', '2019-03-29 00:31:03'),
(870, 'San Juan Bautista', 363, '2019-03-29 00:31:03', '2019-03-29 00:31:03'),
(871, 'Pedro María Morantes', 363, '2019-03-29 00:31:03', '2019-03-29 00:31:03'),
(872, 'San Sebastián', 363, '2019-03-29 00:31:03', '2019-03-29 00:31:03'),
(873, 'Dr. Francisco Romero Lobo', 363, '2019-03-29 00:31:03', '2019-03-29 00:31:03'),
(874, 'Seboruco', 364, '2019-03-29 00:31:03', '2019-03-29 00:31:03'),
(875, 'Simón Rodríguez', 365, '2019-03-29 00:31:03', '2019-03-29 00:31:03'),
(876, 'Sucre', 366, '2019-03-29 00:31:03', '2019-03-29 00:31:03'),
(877, 'Eleazar López Contreras', 366, '2019-03-29 00:31:03', '2019-03-29 00:31:03'),
(878, 'San Pablo', 366, '2019-03-29 00:31:03', '2019-03-29 00:31:03'),
(879, 'Torbes', 367, '2019-03-29 00:31:03', '2019-03-29 00:31:03'),
(880, 'Uribante', 368, '2019-03-29 00:31:03', '2019-03-29 00:31:03'),
(881, 'Cárdenas', 368, '2019-03-29 00:31:03', '2019-03-29 00:31:03'),
(882, 'Juan Pablo Peñalosa', 368, '2019-03-29 00:31:03', '2019-03-29 00:31:03'),
(883, 'Potosí', 368, '2019-03-29 00:31:03', '2019-03-29 00:31:03'),
(884, 'San Judas Tadeo', 369, '2019-03-29 00:31:03', '2019-03-29 00:31:03'),
(885, 'Araguaney', 370, '2019-03-29 00:31:03', '2019-03-29 00:31:03'),
(886, 'El Jaguito', 370, '2019-03-29 00:31:03', '2019-03-29 00:31:03'),
(887, 'La Esperanza', 370, '2019-03-29 00:31:03', '2019-03-29 00:31:03'),
(888, 'Santa Isabel', 370, '2019-03-29 00:31:03', '2019-03-29 00:31:03'),
(889, 'Boconó', 371, '2019-03-29 00:31:03', '2019-03-29 00:31:03'),
(890, 'El Carmen', 371, '2019-03-29 00:31:03', '2019-03-29 00:31:03'),
(891, 'Mosquey', 371, '2019-03-29 00:31:03', '2019-03-29 00:31:03'),
(892, 'Ayacucho', 371, '2019-03-29 00:31:03', '2019-03-29 00:31:03'),
(893, 'Burbusay', 371, '2019-03-29 00:31:03', '2019-03-29 00:31:03'),
(894, 'General Ribas', 371, '2019-03-29 00:31:03', '2019-03-29 00:31:03'),
(895, 'Guaramacal', 371, '2019-03-29 00:31:03', '2019-03-29 00:31:03'),
(896, 'Vega de Guaramacal', 371, '2019-03-29 00:31:03', '2019-03-29 00:31:03'),
(897, 'Monseñor Jáuregui', 371, '2019-03-29 00:31:03', '2019-03-29 00:31:03'),
(898, 'Rafael Rangel', 371, '2019-03-29 00:31:03', '2019-03-29 00:31:03'),
(899, 'San Miguel', 371, '2019-03-29 00:31:03', '2019-03-29 00:31:03'),
(900, 'San José', 371, '2019-03-29 00:31:03', '2019-03-29 00:31:03'),
(901, 'Sabana Grande', 372, '2019-03-29 00:31:03', '2019-03-29 00:31:03'),
(902, 'Cheregüé', 372, '2019-03-29 00:31:03', '2019-03-29 00:31:03'),
(903, 'Granados', 372, '2019-03-29 00:31:03', '2019-03-29 00:31:03'),
(904, 'Arnoldo Gabaldón', 373, '2019-03-29 00:31:03', '2019-03-29 00:31:03'),
(905, 'Bolivia', 373, '2019-03-29 00:31:03', '2019-03-29 00:31:03'),
(906, 'Carrillo', 373, '2019-03-29 00:31:03', '2019-03-29 00:31:03'),
(907, 'Cegarra', 373, '2019-03-29 00:31:03', '2019-03-29 00:31:03'),
(908, 'Chejendé', 373, '2019-03-29 00:31:03', '2019-03-29 00:31:03'),
(909, 'Manuel Salvador Ulloa', 373, '2019-03-29 00:31:03', '2019-03-29 00:31:03'),
(910, 'San José', 373, '2019-03-29 00:31:03', '2019-03-29 00:31:03'),
(911, 'Carache', 374, '2019-03-29 00:31:03', '2019-03-29 00:31:03'),
(912, 'La Concepción', 374, '2019-03-29 00:31:03', '2019-03-29 00:31:03'),
(913, 'Cuicas', 374, '2019-03-29 00:31:03', '2019-03-29 00:31:03'),
(914, 'Panamericana', 374, '2019-03-29 00:31:03', '2019-03-29 00:31:03'),
(915, 'Santa Cruz', 374, '2019-03-29 00:31:03', '2019-03-29 00:31:03'),
(916, 'Escuque', 375, '2019-03-29 00:31:03', '2019-03-29 00:31:03'),
(917, 'La Unión', 375, '2019-03-29 00:31:03', '2019-03-29 00:31:03'),
(918, 'Santa Rita', 375, '2019-03-29 00:31:03', '2019-03-29 00:31:03'),
(919, 'Sabana Libre', 375, '2019-03-29 00:31:03', '2019-03-29 00:31:03'),
(920, 'El Socorro', 376, '2019-03-29 00:31:03', '2019-03-29 00:31:03'),
(921, 'Los Caprichos', 376, '2019-03-29 00:31:03', '2019-03-29 00:31:03'),
(922, 'Antonio José de Sucre', 376, '2019-03-29 00:31:03', '2019-03-29 00:31:03'),
(923, 'Campo Elías', 377, '2019-03-29 00:31:03', '2019-03-29 00:31:03'),
(924, 'Arnoldo Gabaldón', 377, '2019-03-29 00:31:03', '2019-03-29 00:31:03'),
(925, 'Santa Apolonia', 378, '2019-03-29 00:31:03', '2019-03-29 00:31:03'),
(926, 'El Progreso', 378, '2019-03-29 00:31:03', '2019-03-29 00:31:03'),
(927, 'La Ceiba', 378, '2019-03-29 00:31:03', '2019-03-29 00:31:03'),
(928, 'Tres de Febrero', 378, '2019-03-29 00:31:03', '2019-03-29 00:31:03'),
(929, 'El Dividive', 379, '2019-03-29 00:31:03', '2019-03-29 00:31:03'),
(930, 'Agua Santa', 379, '2019-03-29 00:31:03', '2019-03-29 00:31:03'),
(931, 'Agua Caliente', 379, '2019-03-29 00:31:03', '2019-03-29 00:31:03'),
(932, 'El Cenizo', 379, '2019-03-29 00:31:03', '2019-03-29 00:31:03'),
(933, 'Valerita', 379, '2019-03-29 00:31:03', '2019-03-29 00:31:03'),
(934, 'Monte Carmelo', 380, '2019-03-29 00:31:03', '2019-03-29 00:31:03'),
(935, 'Buena Vista', 380, '2019-03-29 00:31:03', '2019-03-29 00:31:03'),
(936, 'Santa María del Horcón', 380, '2019-03-29 00:31:03', '2019-03-29 00:31:03'),
(937, 'Motatán', 381, '2019-03-29 00:31:03', '2019-03-29 00:31:03'),
(938, 'El Baño', 381, '2019-03-29 00:31:03', '2019-03-29 00:31:03'),
(939, 'Jalisco', 381, '2019-03-29 00:31:03', '2019-03-29 00:31:03'),
(940, 'Pampán', 382, '2019-03-29 00:31:03', '2019-03-29 00:31:03'),
(941, 'Flor de Patria', 382, '2019-03-29 00:31:03', '2019-03-29 00:31:03'),
(942, 'La Paz', 382, '2019-03-29 00:31:03', '2019-03-29 00:31:03'),
(943, 'Santa Ana', 382, '2019-03-29 00:31:03', '2019-03-29 00:31:03'),
(944, 'Pampanito', 383, '2019-03-29 00:31:03', '2019-03-29 00:31:03'),
(945, 'La Concepción', 383, '2019-03-29 00:31:03', '2019-03-29 00:31:03'),
(946, 'Pampanito II', 383, '2019-03-29 00:31:03', '2019-03-29 00:31:03'),
(947, 'Betijoque', 384, '2019-03-29 00:31:03', '2019-03-29 00:31:03'),
(948, 'José Gregorio Hernández', 384, '2019-03-29 00:31:03', '2019-03-29 00:31:03'),
(949, 'La Pueblita', 384, '2019-03-29 00:31:03', '2019-03-29 00:31:03'),
(950, 'Los Cedros', 384, '2019-03-29 00:31:03', '2019-03-29 00:31:03'),
(951, 'Carvajal', 385, '2019-03-29 00:31:03', '2019-03-29 00:31:03'),
(952, 'Campo Alegre', 385, '2019-03-29 00:31:03', '2019-03-29 00:31:03'),
(953, 'Antonio Nicolás Briceño', 385, '2019-03-29 00:31:03', '2019-03-29 00:31:03'),
(954, 'José Leonardo Suárez', 385, '2019-03-29 00:31:03', '2019-03-29 00:31:03'),
(955, 'Sabana de Mendoza', 386, '2019-03-29 00:31:03', '2019-03-29 00:31:03'),
(956, 'Junín', 386, '2019-03-29 00:31:03', '2019-03-29 00:31:03'),
(957, 'Valmore Rodríguez', 386, '2019-03-29 00:31:03', '2019-03-29 00:31:03'),
(958, 'El Paraíso', 386, '2019-03-29 00:31:03', '2019-03-29 00:31:03'),
(959, 'Andrés Linares', 387, '2019-03-29 00:31:03', '2019-03-29 00:31:03'),
(960, 'Chiquinquirá', 387, '2019-03-29 00:31:03', '2019-03-29 00:31:03'),
(961, 'Cristóbal Mendoza', 387, '2019-03-29 00:31:03', '2019-03-29 00:31:03'),
(962, 'Cruz Carrillo', 387, '2019-03-29 00:31:03', '2019-03-29 00:31:03'),
(963, 'Matriz', 387, '2019-03-29 00:31:03', '2019-03-29 00:31:03'),
(964, 'Monseñor Carrillo', 387, '2019-03-29 00:31:03', '2019-03-29 00:31:03'),
(965, 'Tres Esquinas', 387, '2019-03-29 00:31:03', '2019-03-29 00:31:03'),
(966, 'Cabimbú', 388, '2019-03-29 00:31:03', '2019-03-29 00:31:03'),
(967, 'Jajó', 388, '2019-03-29 00:31:03', '2019-03-29 00:31:03'),
(968, 'La Mesa de Esnujaque', 388, '2019-03-29 00:31:03', '2019-03-29 00:31:03'),
(969, 'Santiago', 388, '2019-03-29 00:31:03', '2019-03-29 00:31:03'),
(970, 'Tuñame', 388, '2019-03-29 00:31:03', '2019-03-29 00:31:03'),
(971, 'La Quebrada', 388, '2019-03-29 00:31:03', '2019-03-29 00:31:03'),
(972, 'Juan Ignacio Montilla', 389, '2019-03-29 00:31:03', '2019-03-29 00:31:03'),
(973, 'La Beatriz', 389, '2019-03-29 00:31:03', '2019-03-29 00:31:03'),
(974, 'La Puerta', 389, '2019-03-29 00:31:03', '2019-03-29 00:31:03'),
(975, 'Mendoza del Valle de Momboy', 389, '2019-03-29 00:31:03', '2019-03-29 00:31:03'),
(976, 'Mercedes Díaz', 389, '2019-03-29 00:31:03', '2019-03-29 00:31:03'),
(977, 'San Luis', 389, '2019-03-29 00:31:03', '2019-03-29 00:31:03'),
(978, 'Caraballeda', 390, '2019-03-29 00:31:03', '2019-03-29 00:31:03'),
(979, 'Carayaca', 390, '2019-03-29 00:31:03', '2019-03-29 00:31:03'),
(980, 'Carlos Soublette', 390, '2019-03-29 00:31:03', '2019-03-29 00:31:03'),
(981, 'Caruao Chuspa', 390, '2019-03-29 00:31:03', '2019-03-29 00:31:03'),
(982, 'Catia La Mar', 390, '2019-03-29 00:31:03', '2019-03-29 00:31:03'),
(983, 'El Junko', 390, '2019-03-29 00:31:03', '2019-03-29 00:31:03'),
(984, 'La Guaira', 390, '2019-03-29 00:31:03', '2019-03-29 00:31:03'),
(985, 'Macuto', 390, '2019-03-29 00:31:03', '2019-03-29 00:31:03'),
(986, 'Maiquetía', 390, '2019-03-29 00:31:03', '2019-03-29 00:31:03'),
(987, 'Naiguatá', 390, '2019-03-29 00:31:03', '2019-03-29 00:31:03'),
(988, 'Urimare', 390, '2019-03-29 00:31:03', '2019-03-29 00:31:03'),
(989, 'Arístides Bastidas', 391, '2019-03-29 00:31:03', '2019-03-29 00:31:03'),
(990, 'Bolívar', 392, '2019-03-29 00:31:03', '2019-03-29 00:31:03'),
(991, 'Chivacoa', 407, '2019-03-29 00:31:03', '2019-03-29 00:31:03'),
(992, 'Campo Elías', 407, '2019-03-29 00:31:03', '2019-03-29 00:31:03'),
(993, 'Cocorote', 408, '2019-03-29 00:31:03', '2019-03-29 00:31:03'),
(994, 'Independencia', 409, '2019-03-29 00:31:03', '2019-03-29 00:31:03'),
(995, 'José Antonio Páez', 410, '2019-03-29 00:31:03', '2019-03-29 00:31:03'),
(996, 'La Trinidad', 411, '2019-03-29 00:31:03', '2019-03-29 00:31:03'),
(997, 'Manuel Monge', 412, '2019-03-29 00:31:03', '2019-03-29 00:31:03'),
(998, 'Salóm', 413, '2019-03-29 00:31:03', '2019-03-29 00:31:03'),
(999, 'Temerla', 413, '2019-03-29 00:31:03', '2019-03-29 00:31:03'),
(1000, 'Nirgua', 413, '2019-03-29 00:31:03', '2019-03-29 00:31:03'),
(1001, 'San Andrés', 414, '2019-03-29 00:31:03', '2019-03-29 00:31:03'),
(1002, 'Yaritagua', 414, '2019-03-29 00:31:03', '2019-03-29 00:31:03'),
(1003, 'San Javier', 415, '2019-03-29 00:31:03', '2019-03-29 00:31:03'),
(1004, 'Albarico', 415, '2019-03-29 00:31:03', '2019-03-29 00:31:03'),
(1005, 'San Felipe', 415, '2019-03-29 00:31:03', '2019-03-29 00:31:03'),
(1006, 'Sucre', 416, '2019-03-29 00:31:03', '2019-03-29 00:31:03'),
(1007, 'Urachiche', 417, '2019-03-29 00:31:03', '2019-03-29 00:31:03'),
(1008, 'El Guayabo', 418, '2019-03-29 00:31:03', '2019-03-29 00:31:03'),
(1009, 'Farriar', 418, '2019-03-29 00:31:03', '2019-03-29 00:31:03'),
(1010, 'Isla de Toas', 441, '2019-03-29 00:31:03', '2019-03-29 00:31:03'),
(1011, 'Monagas', 441, '2019-03-29 00:31:03', '2019-03-29 00:31:03'),
(1012, 'San Timoteo', 442, '2019-03-29 00:31:03', '2019-03-29 00:31:03'),
(1013, 'General Urdaneta', 442, '2019-03-29 00:31:03', '2019-03-29 00:31:03'),
(1014, 'Libertador', 442, '2019-03-29 00:31:03', '2019-03-29 00:31:03'),
(1015, 'Marcelino Briceño', 442, '2019-03-29 00:31:03', '2019-03-29 00:31:03'),
(1016, 'Pueblo Nuevo', 442, '2019-03-29 00:31:03', '2019-03-29 00:31:03'),
(1017, 'Manuel Guanipa Matos', 442, '2019-03-29 00:31:03', '2019-03-29 00:31:03'),
(1018, 'Ambrosio', 443, '2019-03-29 00:31:03', '2019-03-29 00:31:03'),
(1019, 'Carmen Herrera', 443, '2019-03-29 00:31:03', '2019-03-29 00:31:03'),
(1020, 'La Rosa', 443, '2019-03-29 00:31:03', '2019-03-29 00:31:03'),
(1021, 'Germán Ríos Linares', 443, '2019-03-29 00:31:03', '2019-03-29 00:31:03'),
(1022, 'San Benito', 443, '2019-03-29 00:31:03', '2019-03-29 00:31:03'),
(1023, 'Rómulo Betancourt', 443, '2019-03-29 00:31:03', '2019-03-29 00:31:03'),
(1024, 'Jorge Hernández', 443, '2019-03-29 00:31:03', '2019-03-29 00:31:03'),
(1025, 'Punta Gorda', 443, '2019-03-29 00:31:03', '2019-03-29 00:31:03'),
(1026, 'Arístides Calvani', 443, '2019-03-29 00:31:03', '2019-03-29 00:31:03'),
(1027, 'Encontrados', 444, '2019-03-29 00:31:03', '2019-03-29 00:31:03'),
(1028, 'Udón Pérez', 444, '2019-03-29 00:31:03', '2019-03-29 00:31:03'),
(1029, 'Moralito', 445, '2019-03-29 00:31:03', '2019-03-29 00:31:03'),
(1030, 'San Carlos del Zulia', 445, '2019-03-29 00:31:03', '2019-03-29 00:31:03'),
(1031, 'Santa Cruz del Zulia', 445, '2019-03-29 00:31:03', '2019-03-29 00:31:03'),
(1032, 'Santa Bárbara', 445, '2019-03-29 00:31:03', '2019-03-29 00:31:03'),
(1033, 'Urribarrí', 445, '2019-03-29 00:31:03', '2019-03-29 00:31:03'),
(1034, 'Carlos Quevedo', 446, '2019-03-29 00:31:03', '2019-03-29 00:31:03'),
(1035, 'Francisco Javier Pulgar', 446, '2019-03-29 00:31:03', '2019-03-29 00:31:03'),
(1036, 'Simón Rodríguez', 446, '2019-03-29 00:31:03', '2019-03-29 00:31:03'),
(1037, 'Guamo-Gavilanes', 446, '2019-03-29 00:31:03', '2019-03-29 00:31:03'),
(1038, 'La Concepción', 448, '2019-03-29 00:31:03', '2019-03-29 00:31:03'),
(1039, 'San José', 448, '2019-03-29 00:31:03', '2019-03-29 00:31:03'),
(1040, 'Mariano Parra León', 448, '2019-03-29 00:31:03', '2019-03-29 00:31:03'),
(1041, 'José Ramón Yépez', 448, '2019-03-29 00:31:03', '2019-03-29 00:31:03'),
(1042, 'Jesús María Semprún', 449, '2019-03-29 00:31:03', '2019-03-29 00:31:03'),
(1043, 'Barí', 449, '2019-03-29 00:31:03', '2019-03-29 00:31:03'),
(1044, 'Concepción', 450, '2019-03-29 00:31:03', '2019-03-29 00:31:03'),
(1045, 'Andrés Bello', 450, '2019-03-29 00:31:03', '2019-03-29 00:31:03'),
(1046, 'Chiquinquirá', 450, '2019-03-29 00:31:03', '2019-03-29 00:31:03'),
(1047, 'El Carmelo', 450, '2019-03-29 00:31:03', '2019-03-29 00:31:03'),
(1048, 'Potreritos', 450, '2019-03-29 00:31:03', '2019-03-29 00:31:03'),
(1049, 'Libertad', 451, '2019-03-29 00:31:03', '2019-03-29 00:31:03'),
(1050, 'Alonso de Ojeda', 451, '2019-03-29 00:31:03', '2019-03-29 00:31:03'),
(1051, 'Venezuela', 451, '2019-03-29 00:31:03', '2019-03-29 00:31:03'),
(1052, 'Eleazar López Contreras', 451, '2019-03-29 00:31:03', '2019-03-29 00:31:03'),
(1053, 'Campo Lara', 451, '2019-03-29 00:31:03', '2019-03-29 00:31:03'),
(1054, 'Bartolomé de las Casas', 452, '2019-03-29 00:31:03', '2019-03-29 00:31:03'),
(1055, 'Libertad', 452, '2019-03-29 00:31:03', '2019-03-29 00:31:03'),
(1056, 'Río Negro', 452, '2019-03-29 00:31:03', '2019-03-29 00:31:03'),
(1057, 'San José de Perijá', 452, '2019-03-29 00:31:03', '2019-03-29 00:31:03'),
(1058, 'San Rafael', 453, '2019-03-29 00:31:03', '2019-03-29 00:31:03'),
(1059, 'La Sierrita', 453, '2019-03-29 00:31:03', '2019-03-29 00:31:03'),
(1060, 'Las Parcelas', 453, '2019-03-29 00:31:03', '2019-03-29 00:31:03'),
(1061, 'Luis de Vicente', 453, '2019-03-29 00:31:03', '2019-03-29 00:31:03'),
(1062, 'Monseñor Marcos Sergio Godoy', 453, '2019-03-29 00:31:03', '2019-03-29 00:31:03'),
(1063, 'Ricaurte', 453, '2019-03-29 00:31:03', '2019-03-29 00:31:03'),
(1064, 'Tamare', 453, '2019-03-29 00:31:03', '2019-03-29 00:31:03'),
(1065, 'Antonio Borjas Romero', 454, '2019-03-29 00:31:03', '2019-03-29 00:31:03'),
(1066, 'Bolívar', 454, '2019-03-29 00:31:03', '2019-03-29 00:31:03'),
(1067, 'Cacique Mara', 454, '2019-03-29 00:31:03', '2019-03-29 00:31:03'),
(1068, 'Carracciolo Parra Pérez', 454, '2019-03-29 00:31:03', '2019-03-29 00:31:03'),
(1069, 'Cecilio Acosta', 454, '2019-03-29 00:31:03', '2019-03-29 00:31:03'),
(1070, 'Cristo de Aranza', 454, '2019-03-29 00:31:03', '2019-03-29 00:31:03'),
(1071, 'Coquivacoa', 454, '2019-03-29 00:31:03', '2019-03-29 00:31:03'),
(1072, 'Chiquinquirá', 454, '2019-03-29 00:31:03', '2019-03-29 00:31:03'),
(1073, 'Francisco Eugenio Bustamante', 454, '2019-03-29 00:31:03', '2019-03-29 00:31:03'),
(1074, 'Idelfonzo Vásquez', 454, '2019-03-29 00:31:03', '2019-03-29 00:31:03'),
(1075, 'Juana de Ávila', 454, '2019-03-29 00:31:03', '2019-03-29 00:31:03'),
(1076, 'Luis Hurtado Higuera', 454, '2019-03-29 00:31:03', '2019-03-29 00:31:03'),
(1077, 'Manuel Dagnino', 454, '2019-03-29 00:31:03', '2019-03-29 00:31:03'),
(1078, 'Olegario Villalobos', 454, '2019-03-29 00:31:03', '2019-03-29 00:31:03'),
(1079, 'Raúl Leoni', 454, '2019-03-29 00:31:03', '2019-03-29 00:31:03'),
(1080, 'Santa Lucía', 454, '2019-03-29 00:31:03', '2019-03-29 00:31:03'),
(1081, 'Venancio Pulgar', 454, '2019-03-29 00:31:03', '2019-03-29 00:31:03'),
(1082, 'San Isidro', 454, '2019-03-29 00:31:03', '2019-03-29 00:31:03'),
(1083, 'Altagracia', 455, '2019-03-29 00:31:03', '2019-03-29 00:31:03'),
(1084, 'Faría', 455, '2019-03-29 00:31:03', '2019-03-29 00:31:03'),
(1085, 'Ana María Campos', 455, '2019-03-29 00:31:03', '2019-03-29 00:31:03'),
(1086, 'San Antonio', 455, '2019-03-29 00:31:03', '2019-03-29 00:31:03'),
(1087, 'San José', 455, '2019-03-29 00:31:03', '2019-03-29 00:31:03'),
(1088, 'Donaldo García', 456, '2019-03-29 00:31:03', '2019-03-29 00:31:03'),
(1089, 'El Rosario', 456, '2019-03-29 00:31:03', '2019-03-29 00:31:03'),
(1090, 'Sixto Zambrano', 456, '2019-03-29 00:31:03', '2019-03-29 00:31:03'),
(1091, 'San Francisco', 457, '2019-03-29 00:31:03', '2019-03-29 00:31:03'),
(1092, 'El Bajo', 457, '2019-03-29 00:31:03', '2019-03-29 00:31:03'),
(1093, 'Domitila Flores', 457, '2019-03-29 00:31:03', '2019-03-29 00:31:03'),
(1094, 'Francisco Ochoa', 457, '2019-03-29 00:31:03', '2019-03-29 00:31:03'),
(1095, 'Los Cortijos', 457, '2019-03-29 00:31:03', '2019-03-29 00:31:03'),
(1096, 'Marcial Hernández', 457, '2019-03-29 00:31:03', '2019-03-29 00:31:03'),
(1097, 'Santa Rita', 458, '2019-03-29 00:31:03', '2019-03-29 00:31:03'),
(1098, 'El Mene', 458, '2019-03-29 00:31:03', '2019-03-29 00:31:03'),
(1099, 'Pedro Lucas Urribarrí', 458, '2019-03-29 00:31:03', '2019-03-29 00:31:03'),
(1100, 'José Cenobio Urribarrí', 458, '2019-03-29 00:31:03', '2019-03-29 00:31:03'),
(1101, 'Rafael Maria Baralt', 459, '2019-03-29 00:31:03', '2019-03-29 00:31:03'),
(1102, 'Manuel Manrique', 459, '2019-03-29 00:31:03', '2019-03-29 00:31:03'),
(1103, 'Rafael Urdaneta', 459, '2019-03-29 00:31:03', '2019-03-29 00:31:03'),
(1104, 'Bobures', 460, '2019-03-29 00:31:03', '2019-03-29 00:31:03'),
(1105, 'Gibraltar', 460, '2019-03-29 00:31:03', '2019-03-29 00:31:03'),
(1106, 'Heras', 460, '2019-03-29 00:31:03', '2019-03-29 00:31:03'),
(1107, 'Monseñor Arturo Álvarez', 460, '2019-03-29 00:31:03', '2019-03-29 00:31:03'),
(1108, 'Rómulo Gallegos', 460, '2019-03-29 00:31:03', '2019-03-29 00:31:03'),
(1109, 'El Batey', 460, '2019-03-29 00:31:03', '2019-03-29 00:31:03'),
(1110, 'Rafael Urdaneta', 461, '2019-03-29 00:31:03', '2019-03-29 00:31:03'),
(1111, 'La Victoria', 461, '2019-03-29 00:31:03', '2019-03-29 00:31:03'),
(1112, 'Raúl Cuenca', 461, '2019-03-29 00:31:03', '2019-03-29 00:31:03'),
(1113, 'Sinamaica', 447, '2019-03-29 00:31:03', '2019-03-29 00:31:03'),
(1114, 'Alta Guajira', 447, '2019-03-29 00:31:03', '2019-03-29 00:31:03'),
(1115, 'Elías Sánchez Rubio', 447, '2019-03-29 00:31:03', '2019-03-29 00:31:03'),
(1116, 'Guajira', 447, '2019-03-29 00:31:03', '2019-03-29 00:31:03'),
(1117, 'Altagracia', 462, '2019-03-29 00:31:03', '2019-03-29 00:31:03'),
(1118, 'Antímano', 462, '2019-03-29 00:31:03', '2019-03-29 00:31:03'),
(1119, 'Caricuao', 462, '2019-03-29 00:31:03', '2019-03-29 00:31:03'),
(1120, 'Catedral', 462, '2019-03-29 00:31:03', '2019-03-29 00:31:03'),
(1121, 'Coche', 462, '2019-03-29 00:31:03', '2019-03-29 00:31:03'),
(1122, 'El Junquito', 462, '2019-03-29 00:31:03', '2019-03-29 00:31:03'),
(1123, 'El Paraíso', 462, '2019-03-29 00:31:03', '2019-03-29 00:31:03'),
(1124, 'El Recreo', 462, '2019-03-29 00:31:03', '2019-03-29 00:31:03'),
(1125, 'El Valle', 462, '2019-03-29 00:31:03', '2019-03-29 00:31:03'),
(1126, 'La Candelaria', 462, '2019-03-29 00:31:03', '2019-03-29 00:31:03'),
(1127, 'La Pastora', 462, '2019-03-29 00:31:03', '2019-03-29 00:31:03'),
(1128, 'La Vega', 462, '2019-03-29 00:31:03', '2019-03-29 00:31:03'),
(1129, 'Macarao', 462, '2019-03-29 00:31:03', '2019-03-29 00:31:03'),
(1130, 'San Agustín', 462, '2019-03-29 00:31:03', '2019-03-29 00:31:03'),
(1131, 'San Bernardino', 462, '2019-03-29 00:31:03', '2019-03-29 00:31:03'),
(1132, 'San José', 462, '2019-03-29 00:31:03', '2019-03-29 00:31:03'),
(1133, 'San Juan', 462, '2019-03-29 00:31:03', '2019-03-29 00:31:03'),
(1134, 'San Pedro', 462, '2019-03-29 00:31:03', '2019-03-29 00:31:03'),
(1135, 'Santa Rosalía', 462, '2019-03-29 00:31:03', '2019-03-29 00:31:03'),
(1136, 'Santa Teresa', 462, '2019-03-29 00:31:03', '2019-03-29 00:31:03'),
(1137, 'Sucre (Catia)', 462, '2019-03-29 00:31:03', '2019-03-29 00:31:03'),
(1138, '23 de enero', 462, '2019-03-29 00:31:03', '2019-03-29 00:31:03');

-- --------------------------------------------------------

--
-- Estructura de tabla para la tabla `SequelizeMeta`
--

CREATE TABLE `SequelizeMeta` (
  `name` varchar(255) COLLATE utf8_unicode_ci NOT NULL
) ENGINE=InnoDB DEFAULT CHARSET=utf8 COLLATE=utf8_unicode_ci;

--
-- Volcado de datos para la tabla `SequelizeMeta`
--

INSERT INTO `SequelizeMeta` (`name`) VALUES
('20190413224335-create-estado.js'),
('20190413224435-create-ciudad.js'),
('20190413224635-create-municipio.js'),
('20190413224715-create-parroquia.js'),
('20190414152348-add-Column-Constraint-ParroquiaTable.js'),
('20190414155046-add-Column-Constraint-MunicipiosTable.js'),
('20190414172402-add-Column-Constraint-CiudadesTable.js');

--
-- Índices para tablas volcadas
--

--
-- Indices de la tabla `ciudades`
--
ALTER TABLE `ciudades`
  ADD PRIMARY KEY (`id`),
  ADD KEY `ciudades_estado_id_foreign_idx` (`estado_id`);

--
-- Indices de la tabla `estados`
--
ALTER TABLE `estados`
  ADD PRIMARY KEY (`id`);

--
-- Indices de la tabla `municipios`
--
ALTER TABLE `municipios`
  ADD PRIMARY KEY (`id`),
  ADD KEY `municipios_estado_id_foreign_idx` (`estado_id`),
  ADD KEY `municipios_ciudad_id_foreign_idx` (`ciudad_id`);

--
-- Indices de la tabla `parroquias`
--
ALTER TABLE `parroquias`
  ADD PRIMARY KEY (`id`),
  ADD KEY `parroquias_municipio_id_foreign_idx` (`municipio_id`);

--
-- Indices de la tabla `SequelizeMeta`
--
ALTER TABLE `SequelizeMeta`
  ADD PRIMARY KEY (`name`),
  ADD UNIQUE KEY `name` (`name`);

--
-- AUTO_INCREMENT de las tablas volcadas
--

--
-- AUTO_INCREMENT de la tabla `ciudades`
--
ALTER TABLE `ciudades`
  MODIFY `id` int(11) NOT NULL AUTO_INCREMENT, AUTO_INCREMENT=523;
--
-- AUTO_INCREMENT de la tabla `estados`
--
ALTER TABLE `estados`
  MODIFY `id` int(11) NOT NULL AUTO_INCREMENT, AUTO_INCREMENT=26;
--
-- AUTO_INCREMENT de la tabla `municipios`
--
ALTER TABLE `municipios`
  MODIFY `id` int(11) NOT NULL AUTO_INCREMENT, AUTO_INCREMENT=463;
--
-- AUTO_INCREMENT de la tabla `parroquias`
--
ALTER TABLE `parroquias`
  MODIFY `id` int(11) NOT NULL AUTO_INCREMENT, AUTO_INCREMENT=1139;
--
-- Restricciones para tablas volcadas
--

--
-- Filtros para la tabla `ciudades`
--
ALTER TABLE `ciudades`
  ADD CONSTRAINT `ciudades_estado_id_foreign_idx` FOREIGN KEY (`estado_id`) REFERENCES `estados` (`id`) ON DELETE SET NULL ON UPDATE CASCADE;

--
-- Filtros para la tabla `municipios`
--
ALTER TABLE `municipios`
  ADD CONSTRAINT `municipios_ciudad_id_foreign_idx` FOREIGN KEY (`ciudad_id`) REFERENCES `ciudades` (`id`) ON DELETE SET NULL ON UPDATE CASCADE,
  ADD CONSTRAINT `municipios_estado_id_foreign_idx` FOREIGN KEY (`estado_id`) REFERENCES `estados` (`id`) ON DELETE SET NULL ON UPDATE CASCADE;

--
-- Filtros para la tabla `parroquias`
--
ALTER TABLE `parroquias`
  ADD CONSTRAINT `parroquias_municipio_id_foreign_idx` FOREIGN KEY (`municipio_id`) REFERENCES `municipios` (`id`) ON DELETE SET NULL ON UPDATE CASCADE;

/*!40101 SET CHARACTER_SET_CLIENT=@OLD_CHARACTER_SET_CLIENT */;
/*!40101 SET CHARACTER_SET_RESULTS=@OLD_CHARACTER_SET_RESULTS */;
/*!40101 SET COLLATION_CONNECTION=@OLD_COLLATION_CONNECTION */;
